Date,MMM,AXP,AAPL,BA,CAT,CVX,CSCO,KO,DOW,XOM,GS,HD,INTC,IBM,JNJ,JPM,MCD,MRK,MSFT,NKE,PFE,PG,RTX,TRV,UNH,VZ,V,WBA,WMT,DIS
1999-12-31,40.915,48.5089,0.918,41.438,23.5313,43.3125,53.5625,29.125,0,40.2813,94.188,68.75,41.1563,103.0383,46.625,51.7917,40.313,60.6348,58.375,6.1953,30.7491,54.7813,19.169,33.688,6.641,55.1812,0,0,23.0417,28.8611
2000-01-31,39.139,48.0712,0.9263,44.5,21.2188,41.8125,54.75,28.7188,0,41.4375,91.625,56.625,49.4688,107.2172,43.0313,53.7917,37.375,70.9568,48.9375,5.6875,34.3039,50.5313,15.612,30.188,6.625,55.5174,0,0,18.25,35.8297
2000-02-29,36.866,39.1536,1.0234,36.938,17.5313,37.3438,66.0938,24.3125,0,37.6563,92.5,57.5,56.5,98.1431,36,53.0833,31.75,55.5584,44.6875,3.5547,30.4529,43.9375,15.022,22.375,6.391,43.8649,0,29.25,16.25,33.548
2000-03-31,37.022,43.4574,1.2126,37.813,19.7188,46.2188,77.3125,23.4688,0,39,105.25,64.5,65.9688,113.0675,35.125,58.125,37.375,56.066,53.125,4.9531,34.6594,28.375,18.634,34.125,7.453,54.7891,0,27.9375,18.8333,40.7016
2000-04-28,36.212,43.6215,1.1077,39.688,19.7188,42.5625,69.3281,23.625,0,38.8438,93.25,56.5,63.4063,106.5008,41.25,48.0833,38.063,62.7218,34.875,5.4297,39.9324,29.875,18.34,35.625,8.336,53.7807,0,25.8125,18.4583,43.045
2000-05-31,35.847,47.2688,0.75,39.063,19.125,46.2188,56.9375,26.6875,0,41.6563,73.563,49,62.3438,102.501,44.75,49.7917,35.813,67.3469,31.2813,5.3594,42.1837,33.25,17.823,37.5,9.32,47.3942,0,25.75,19.2083,41.6266
2000-06-30,34.697,45.6275,0.9353,41.813,16.9375,42.4063,63.5625,28.7188,0,39.25,94.773,49.938,66.8438,104.6502,50.9375,46.0625,32.938,69.1519,40,4.9766,45.5016,28.375,17.363,34.125,10.719,45.5455,0,28.125,19.2083,38.2965
2000-07-31,37.65,49.6213,0.9074,48.813,17.0313,39.4922,65.4375,30.6563,0,40.0938,98.688,51.75,66.75,107.2172,46.5313,49.8125,31.688,64.6677,34.9063,5.4688,41.1173,28.5,17.215,44.438,10.227,41.9041,0,28.375,18.4167,38.0498
2000-08-31,38.886,51.6592,1.0882,53.641,18.3848,42.2598,68.625,26.3223,0,40.8223,129.5,48.063,74.875,126.0966,45.9785,55.875,29.895,63.0778,34.9063,4.9478,40.8951,30.916,18.413,47.516,11.815,39.005,0,32.1875,15.875,38.4391
2000-09-29,38.094,53.1774,0.4598,64.5,15.5,42.625,55.25,27.5625,0,44.5528,114.063,52.938,41.5625,107.5753,46.9688,46.1875,30.188,67.1777,30.1563,5.0078,42.58,33.5,20.459,50.375,12.344,43.4167,0,31.1875,16.0417,37.7415
2000-10-31,40.393,52.5209,0.3493,67.813,17.5313,41.0625,53.875,30.1875,0,44.5938,99.813,43,45,94.0837,46.0625,45.5,31,81.166,34.4375,4.9922,40.9395,35.7188,20.588,51.25,13.672,51.8199,0,32.8946,15.125,35.3364
2000-11-30,41.751,48.0894,0.2946,69.063,19.6563,40.9375,47.875,31.3125,0,44,82.125,39.188,38.0625,89.3078,50,36.875,31.875,83.6478,28.6875,5.3281,42.006,37.4375,20.883,50.125,14.664,50.3634,0,37.9375,17.3958,28.5528
2000-12-29,50.374,48.0894,0.2656,66,23.6563,42.2188,38.25,30.4688,0,43.4688,106.938,45.688,30.0625,81.1889,52.5313,45.4375,34,84.4939,21.6875,6.9766,43.6057,39.2188,23.187,54.313,15.344,44.9293,0,45.625,17.7083,28.5528
2001-01-31,46.256,41.2289,0.3862,58.5,22.11,41.64,37.4375,29,0,42.075,113.75,48.2,37,106.9784,46.565,54.99,29.35,74.1651,30.5313,6.8775,42.7999,35.92,22.112,48.02,14.103,49.2542,0,44.5625,18.9333,30.0452
2001-02-28,47.134,38.4103,0.3259,62.2,20.8,42.83,23.6875,26.515,0,40.525,91.75,42.5,28.5625,95.4209,48.665,46.66,29.4,72.3782,29.5,4.8813,42.6577,35.25,22.976,46.29,14.808,44.3691,0,41.8125,16.6967,30.5385
2001-03-30,43.434,36.1519,0.3941,55.71,22.19,43.9,15.8125,22.58,0,40.5,85.1,43.1,26.3125,91.8677,43.735,44.9,26.55,68.4976,27.3438,5.0688,38.8185,31.3,21.617,44.05,14.815,44.1898,0,40.94,16.8333,28.2198
2001-04-30,49.751,37.1498,0.4552,61.8,25.1,48.28,16.98,23.095,0,44.3,91.1,47.1,30.91,109.9776,48.24,47.98,27.5,68.5607,33.875,5.2263,41.0462,30.025,23.026,45.1,16.37,49.3617,0,44.32,17.2467,29.8478
2001-05-31,49.571,36.8697,0.3563,62.89,27.08,48.025,19.26,23.7,0,44.375,95.1,49.29,27.01,106.7873,48.475,49.15,30.28,65.8714,34.59,5.1375,40.6575,32.12,24.569,50.6,14.375,49.1645,0,40.8,17.25,31.1996
2001-06-29,47.698,33.9635,0.4152,55.6,25.025,45.25,18.2,22.5,0,43.675,85.8,46.55,29.25,107.9335,50,44.47,27.06,57.6769,36.5,5.2488,37.9654,31.9,21.605,50.7,15.438,47.9545,0,42.78,16.2667,28.5059
2001-07-31,46.77,35.3028,0.3355,58.53,27.55,45.695,19.22,22.3,0,41.76,83.16,50.37,29.81,100.4928,54.1,43.3,29.14,61.35,33.095,5.9438,39.0745,35.51,21.646,43.85,16.855,48.5371,0,40.19,18.6333,25.9997
2001-08-31,43.518,31.8802,0.3313,51.2,25,45.375,16.33,24.335,0,40.15,80.1,45.95,27.96,95.4686,52.71,39.4,30.03,58.7509,28.525,6.25,36.3159,37.075,20.172,42.03,17.015,44.8172,0,34.46,16.0167,25.0919
2001-09-28,41.135,25.4376,0.277,33.5,22.4,42.375,12.18,23.425,0,39.4,71.35,38.37,20.44,87.6076,55.4,34.15,27.14,60.1046,25.585,5.8513,38.0128,36.395,13.713,41.22,16.625,48.5012,0,33.7,16.5,18.3724
2001-10-31,43.635,25.7615,0.3136,32.6,22.36,44.275,16.92,23.94,0,39.45,78.16,38.23,24.42,103.2246,57.91,35.36,26.07,57.5867,29.075,6.17,39.7191,36.89,15.893,45.9,16.438,44.6469,0,34.35,17.1333,18.3428
2001-11-30,47.899,28.8077,0.3804,35.1,23.71,42.505,20.44,23.48,0,37.4,89,46.65,32.66,110.4074,58.25,37.72,26.84,61.1424,32.105,6.6238,41.0557,38.73,17.753,47.08,17.863,42.1282,0,34.43,18.3833,20.1979
2001-12-31,49.416,31.2412,0.3911,38.78,26.125,44.805,18.11,23.575,0,39.3,92.75,51.01,31.45,115.5366,59.1,36.35,26.47,53.0653,33.125,7.03,37.7758,39.565,19.06,43.97,17.693,42.5405,0,32.38,19.1833,20.4445
2002-01-31,46.402,31.3812,0.4414,40.95,25.14,41.9,19.8,21.875,0,39.05,86.98,50.09,35.04,103.0526,57.51,34.05,27.18,53.4083,31.855,7.4888,39.501,40.84,20.269,44.7,18.588,41.5456,0,33,19.9933,20.78
2002-02-28,49.299,31.9064,0.3875,45.96,27.755,42.22,14.27,23.695,0,41.3,80.94,50,28.55,93.7207,60.9,29.25,26.1,55.3486,29.17,7.3575,38.828,42.395,21.513,48.9,18.123,41.9489,0,33.66,20.67,22.6942
2002-03-28,48.078,35.8543,0.4227,48.25,28.425,45.135,16.93,26.13,0,43.83,90.25,48.61,30.41,99.3371,64.95,35.65,27.75,51.9643,30.155,7.5013,37.6715,45.045,21.882,45.85,19.105,41.3215,0,36.28,20.4333,22.7732
2002-04-30,52.589,35.898,0.4334,44.6,27.31,43.355,14.65,27.755,0,40.17,78.75,46.37,28.61,80.0045,63.86,35.1,28.4,49.0403,26.13,6.6663,34.4579,45.13,20.694,49.81,21.953,35.9524,0,40.24,18.62,22.8718
2002-05-31,52.434,37.211,0.4161,42.65,26.135,43.625,15.78,27.78,0,39.93,75.45,41.69,27.62,76.8429,61.35,35.95,29.94,51.5311,25.455,6.7188,32.799,44.775,20.31,42.61,22.7,38.5428,0,39.19,18.0333,22.6054
2002-06-28,51.419,31.7926,0.3164,45,24.475,44.25,13.95,28,0,40.92,73.35,36.73,18.27,68.7718,52.26,33.92,28.45,45.7011,27.35,6.7063,33.1782,44.65,20.024,38.92,22.888,35.9882,0,37.77,18.3367,18.6487
2002-07-31,52.602,30.8648,0.2725,41.52,22.35,37.5,13.19,24.97,0,36.76,73.15,30.88,18.79,67.2435,53,24.96,24.75,44.7626,23.99,6.1613,30.6662,44.495,20.496,31.21,21.915,29.5794,0,38.26,16.3933,17.4943
2002-08-30,52.234,31.565,0.2634,37.07,21.82,38.315,13.82,25.5,0,35.45,77.3,32.93,16.67,72.0003,54.31,26.4,23.76,45.5929,24.54,5.3975,31.3582,44.325,17.515,30.42,22.088,27.7867,0,38.63,17.8267,15.4715
2002-09-30,45.972,27.2934,0.2589,34.13,18.61,34.625,10.48,23.98,0,31.9,66.03,26.1,13.89,55.6956,54.08,18.99,17.66,41.252,21.87,5.3975,27.5095,44.69,16.659,28.72,21.805,24.5957,0,35.33,16.4133,14.9387
2002-10-31,53.066,31.8364,0.287,29.75,20.425,33.815,11.18,23.24,0,33.66,71.6,28.88,17.3,75.4006,58.75,20.75,18.11,48.95,26.735,5.8988,30.1163,44.225,18.187,32.8,22.738,33.846,0,34.75,17.85,16.478
2002-11-29,54.282,34.0773,0.2768,34.05,24.95,33.515,14.92,22.82,0,34.8,78.87,26.4,20.88,83.0229,57.02,25.17,18.5,53.6158,28.84,5.5975,29.8888,42.265,18.423,37.24,20.363,37.5389,0,30.76,17.9667,19.5565
2002-12-31,51.544,30.9436,0.2559,32.99,22.86,33.24,13.1,21.92,0,34.94,68.1,24.02,15.57,74.0252,53.71,24,16.08,51.0889,25.85,5.5588,28.9788,42.97,18.267,34.05,20.875,34.7334,0,33.75,16.8367,16.0932
2003-01-31,52.067,31.1011,0.2564,31.59,21.99,32.2,13.37,20.23,0,34.15,68.1,20.9,15.7,74.6938,53.61,23.34,14.24,49.9879,23.73,5.5675,28.7797,42.785,18.75,32.64,21.975,34.3121,0,28.79,15.9333,17.2673
2003-02-28,52.409,29.3942,0.268,27.56,23.5,32.085,13.98,20.11,0,34.02,69.45,23.45,17.26,74.455,52.45,22.68,13.61,47.6054,23.7,5.7963,28.2678,40.93,17.276,30.86,20.725,30.9956,0,29.19,16.02,16.8332
2003-03-31,54.357,29.0878,0.2525,25.06,24.6,32.325,12.98,20.24,0,34.95,68.08,24.36,16.28,74.9135,57.87,23.71,14.46,49.4374,24.21,6.4275,29.5381,44.525,17.04,31.8,22.918,31.6858,0,29,17.3433,16.7937
2003-04-30,52.689,33.1407,0.2539,27.28,26.3,31.405,15,20.2,0,35.2,75.9,28.13,18.37,81.0934,56.36,29.35,17.1,52.5058,25.56,6.6913,29.1494,44.925,18.228,34.34,23.033,33.5054,0,28.14,18.7733,18.4119
2003-05-30,52.869,36.467,0.3205,30.67,26.075,35.47,16.41,22.785,0,36.4,81.5,32.49,20.82,84.0926,54.35,32.86,18.73,50.1594,24.61,6.9988,29.4054,45.91,20.127,36.58,23.985,33.9267,0,29.48,17.5367,19.3888
2003-06-30,53.918,36.5983,0.3404,34.32,27.83,36.1,16.79,23.205,0,35.91,83.75,33.12,20.81,78.801,51.7,34.18,22.06,54.6446,25.64,6.6863,32.3725,44.59,20.888,36.51,25.125,35.3608,0,30.86,17.89,19.4874
2003-07-31,58.609,38.6641,0.3764,33.12,33.735,36.055,19.49,22.485,0,35.58,87.14,31.2,24.89,77.6071,51.79,35.05,23.01,49.8886,26.41,6.4675,31.6236,43.935,22.186,35.17,26.045,31.3721,0,30.79,18.6367,21.6286
2003-08-29,59.558,39.4344,0.4038,37.39,35.915,36.435,19.14,21.76,0,37.7,88.49,32.16,28.59,78.333,49.58,34.22,22.42,47.9814,26.52,7.1225,28.3626,43.645,23.666,34.76,24.715,31.6589,0,30.1,19.7233,20.2275
2003-09-30,57.748,39.4432,0.37,34.33,34.42,35.725,19.59,21.48,0,36.6,83.9,31.85,27.52,84.3696,49.52,34.33,23.54,48.2675,27.8,7.6025,28.7987,46.41,22.79,37.03,25.16,29.0774,0,29.92,18.6167,19.9018
2003-10-31,65.941,41.0801,0.4088,38.49,36.64,37.15,20.93,23.2,0,36.58,93.9,37.07,32.95,85.4681,50.33,35.9,25,42.1935,26.14,7.9875,29.9552,49.145,24.976,38.13,25.44,30.1172,0,32.57,19.65,22.339
2003-11-28,66.083,40.0122,0.3734,38.39,38.025,37.55,22.7,23.25,0,36.2,96.08,36.76,33.54,86.4805,49.3,35.4,25.63,38.7132,25.71,8.4063,31.8226,48.12,25.274,37.1,26.95,29.436,0,30.64,18.5467,22.783
2003-12-31,71.091,42.218,0.3816,42.14,41.51,43.195,24.23,25.375,0,41,98.73,35.49,32.05,88.5246,51.66,36.73,24.83,44.0529,27.37,8.5575,33.491,49.94,27.948,39.65,29.09,31.4438,0,34.82,17.6833,23.0198
2004-01-30,66.125,45.378,0.4029,41.75,39.065,43.175,25.71,24.62,0,40.79,99.55,35.47,30.52,94.7809,53.42,38.89,25.74,45.3878,27.65,8.7075,34.7234,50.54,28.175,42.13,30.44,33.0393,0,36.81,17.95,23.6809
2004-02-27,65.231,46.7611,0.4271,43.37,37.875,44.175,23.16,24.98,0,42.17,105.87,36.31,29.2,92.1733,53.91,41.02,28.3,45.8455,26.53,9.1563,34.7423,51.255,27.164,42.74,31,34.3569,0,36.38,19.8533,26.1773
2004-03-31,68.449,45.3868,0.4829,41.07,39.535,43.89,23.57,25.15,0,41.59,104.35,37.36,27.2,87.7223,50.72,41.95,28.57,42.1363,24.93,9.7338,33.2256,52.44,25.451,40.01,32.22,32.7524,0,34.55,19.8967,24.6578
2004-04-30,72.304,42.8483,0.4604,42.69,38.865,45.75,20.91,25.285,0,42.55,96.75,35.19,25.73,84.2168,54.03,37.6,27.23,44.8157,26.13,8.9938,33.8987,52.875,25.439,40.67,30.74,33.8281,0,35.66,19,22.7238
2004-05-28,70.699,44.3801,0.5011,45.8,37.675,45.2,22.37,25.675,0,43.25,93.91,35.92,28.55,84.618,55.71,36.84,26.4,45.1018,26.23,8.8938,33.5005,53.91,24.952,39.68,32.625,30.9956,0,32.95,18.5767,23.158
2004-06-30,75.255,44.9754,0.5811,51.09,39.72,47.055,23.7,25.24,0,44.41,94.16,35.2,27.6,84.1977,55.7,38.77,26,45.2925,28.56,9.4688,32.4957,54.44,26.978,40.54,31.125,32.4387,0,34.48,17.5867,25.1511
2004-07-30,68.859,43.9862,0.5775,50.75,36.745,47.825,20.92,21.93,0,46.3,88.19,33.72,24.38,83.1661,55.27,37.33,27.5,43.2424,28.49,9.0887,30.2965,52.15,27.574,37.07,31.45,34.5451,0,35.01,17.67,22.783
2004-08-31,68.859,43.7849,0.6159,52.22,36.35,48.75,18.76,22.355,0,46.1,89.65,36.56,21.29,80.8928,58.1,39.58,27.02,42.8801,27.3,9.4138,30.9695,55.97,27.695,34.69,33.065,35.1815,0,36.21,17.5567,22.1515
2004-09-30,66.861,45.0454,0.692,51.62,40.225,53.64,18.1,20.025,0,48.33,93.24,39.2,20.06,81.8958,56.33,39.73,28.03,31.4664,27.65,9.85,29.0072,54.12,27.538,33.06,36.87,35.2981,0,36.4,17.7333,22.2502
2004-10-29,64.854,46.4547,0.9357,49.9,40.27,53.06,19.21,20.33,0,49.22,98.38,41.08,22.26,85.726,58.38,38.6,29.15,29.8549,27.97,10.1638,27.4431,51.18,27.373,33.96,36.2,35.0471,0,36.45,17.9733,24.8847
2004-11-30,66.543,48.7656,1.1973,53.57,45.775,54.6,18.75,19.655,0,51.25,104.76,41.75,22.38,90.0147,60.32,37.65,30.74,26.7178,26.81,10.5825,26.3245,53.48,28.777,36.48,41.425,36.9563,0,35.83,17.3533,26.5226
2004-12-31,68.617,49.3434,1.15,51.77,48.755,52.51,19.32,20.82,0,51.26,104.04,42.74,23.39,94.1601,63.42,39.01,32.06,30.6463,26.72,11.3363,25.4903,55.08,30.479,37.07,44.015,36.3109,0,35.89,17.6067,27.4304
2005-01-31,70.531,46.6998,1.3732,50.6,44.55,54.4,18.04,20.745,0,51.6,107.85,41.26,22.45,89.2314,64.7,37.33,32.39,26.7464,26.28,10.8288,22.9024,53.23,29.691,37.54,44.45,31.9009,0,38.18,17.4667,28.2494
2005-02-28,70.18,47.4001,1.6021,54.97,47.525,62.08,17.42,21.4,0,63.31,108.8,40.02,23.99,88.4291,65.6,36.55,33.08,30.2268,25.16,10.8688,24.9216,53.09,29.455,38.32,45.58,32.2415,0,38.37,17.2033,27.5685
2005-03-31,71.643,44.9666,1.4882,58.46,45.72,58.31,17.89,20.835,0,59.6,109.99,38.24,23.23,87.2829,67.16,34.6,31.14,30.8656,24.17,10.4138,24.9026,53,29.98,36.73,47.69,31.8202,0,42.61,16.7033,28.348
2005-04-29,63.935,46.1308,1.2879,59.52,44.025,52,17.27,21.72,0,57.03,106.79,35.37,23.52,72.9554,68.63,35.49,29.31,32.3245,25.3,9.6013,25.7558,54.15,29.998,35.8,47.255,32.0891,0,42.83,15.7133,26.049
2005-05-31,64.085,47.1375,1.42,63.9,47.055,53.78,19.4,22.315,0,56.2,97.5,39.35,26.96,72.1626,67.1,35.75,30.94,30.9324,25.8,10.275,26.4478,55.15,31.467,37.88,48.58,31.7127,0,44.42,15.7433,27.0752
2005-06-30,60.448,46.5948,1.3146,66,47.655,55.92,19.08,20.875,0,57.47,102.02,38.9,26.02,70.8732,65,35.32,27.75,29.3686,24.84,10.825,26.1444,52.75,30.287,39.53,52.14,30.9687,0,43.06,16.0667,24.8452
2005-07-29,62.706,48.1441,1.5232,66.01,53.91,58.01,19.15,21.88,0,58.75,107.48,43.51,27.14,79.718,63.96,35.14,31.17,29.6165,25.61,10.475,25.1206,55.63,29.904,44.02,52.3,30.6819,0,45.34,16.45,25.2991
2005-08-31,59.487,48.3542,1.6746,67.02,55.49,61.4,17.62,22,0,59.9,111.18,40.32,25.72,77.0053,63.39,33.89,32.45,26.918,27.38,9.8638,24.1537,55.48,29.491,43.01,51.5,29.3194,0,45.99,14.9867,24.8551
2005-09-30,61.334,50.28,1.9146,67.95,58.75,64.73,17.92,21.595,0,63.54,121.58,38.14,24.65,76.6233,63.28,33.93,33.49,25.9454,25.73,10.21,23.6703,59.46,30.576,44.87,56.2,29.3015,0,47.86,14.6067,23.8092
2005-10-31,63.525,49.77,2.0568,64.64,52.59,57.07,17.45,21.39,0,56.14,126.37,41.04,23.5,78.2088,62.62,36.62,31.6,26.9085,25.7,10.5063,20.6084,55.99,30.246,45.03,57.89,28.2438,0,46.33,15.77,24.046
2005-11-30,65.615,51.42,2.4221,68.19,57.78,57.31,17.54,21.345,0,58.03,128.96,41.78,26.68,84.9141,61.75,38.25,33.85,28.0337,27.68,10.6625,20.0965,57.19,31.756,46.53,59.86,28.6651,0,43.45,16.1867,24.5986
2005-12-30,64.796,51.46,2.5675,70.24,57.77,56.77,17.12,20.155,0,56.17,127.71,40.48,24.96,78.5145,60.1,39.69,33.72,30.3317,26.15,10.8488,22.1062,57.88,32.977,44.67,62.14,26.9979,0,45.43,15.6,23.6513
2006-01-31,60.824,52.45,2.6968,68.31,67.9,59.38,18.57,20.69,0,62.75,141.25,40.55,21.255,77.6548,57.54,39.75,35.01,32.8966,28.15,10.1188,24.3433,59.23,34.427,45.38,59.42,28.3783,0,45.68,15.37,24.9735
2006-02-28,61.527,53.88,2.4461,72.69,73.08,56.48,20.24,20.985,0,59.37,141.29,42.15,20.6,76.6424,57.65,41.14,34.91,33.2399,26.87,10.8475,24.8268,59.93,34.504,42.98,58.23,30.2068,0,44.26,15.12,27.6179
2006-03-31,63.283,52.55,2.24,77.93,71.81,57.97,21.67,20.935,0,60.86,156.96,42.3,19.46,78.7724,59.22,41.64,34.36,33.5927,27.21,10.6375,23.6229,57.63,34.192,41.79,55.86,30.5295,0,43.28,15.7467,27.5192
2006-04-28,71.426,53.81,2.5139,83.45,75.74,61.02,20.95,20.98,0,63.08,160.29,39.93,19.98,78.6482,58.61,45.38,34.57,32.8204,24.15,10.23,24.0115,58.21,37.046,44.03,49.74,29.6063,0,44.86,15.01,27.5883
2006-05-31,69.946,54.36,2.1346,83.25,72.95,59.79,19.68,22.015,0,60.91,150.95,38.12,18.02,76.3176,60.22,42.64,33.17,31.7429,22.65,10.0388,22.4285,54.25,36.875,44.02,43.96,27.9749,0,43.13,16.15,30.0945
2006-06-30,67.53,53.22,2.0454,81.91,74.48,62.06,19.53,21.51,0,61.35,150.43,35.79,19,73.3757,59.92,42,33.6,34.737,23.3,10.125,22.2484,55.6,37.406,44.58,44.78,30.0186,0,41.93,16.0567,29.6012
2006-07-31,58.86,52.06,2.4271,77.42,70.87,65.78,17.88,22.25,0,67.74,152.75,34.71,18,73.9392,62.55,45.62,35.39,38.3985,24.06,9.875,24.6372,56.2,36.681,45.8,47.83,30.3144,0,40.6,14.8333,29.2953
2006-08-31,59.947,52.54,2.4232,74.9,66.35,64.4,21.99,22.405,0,67.67,148.65,34.29,19.57,77.3396,64.66,45.66,35.9,38.6655,25.7,10.095,26.1255,61.9,36.987,43.9,51.95,31.5334,0,44.84,14.9067,29.2558
2006-09-29,62.221,56.08,2.7493,78.85,65.8,64.86,22.98,22.34,0,67.1,169.17,36.27,20.57,78.2661,64.94,46.96,39.12,39.9527,27.35,10.9525,26.8838,61.98,37.365,46.89,49.2,33.2813,0,46.78,16.44,30.4991
2006-10-31,65.916,57.81,2.8957,79.86,60.71,67.2,24.13,23.36,0,71.42,189.79,37.33,21.34,88.1903,67.4,47.44,41.92,43.3092,28.71,11.485,25.2628,63.39,38.763,51.13,48.78,33.1648,0,49.46,16.4267,31.0417
2006-11-30,68.107,58.72,3.2736,88.53,62.03,72.32,26.91,23.415,0,76.81,194.8,37.97,21.395,87.7987,65.91,46.28,41.97,42.4414,29.36,12.3688,26.0591,62.79,38.061,51.81,49.08,32.5019,0,44.39,15.3667,32.6106
2006-12-29,65.155,60.67,3.03,88.84,61.33,73.53,27.33,24.125,0,76.63,199.35,40.16,20.25,92.7942,66.02,48.3,44.33,41.5737,29.86,12.3788,24.5519,64.27,36.875,53.69,53.73,34.6415,0,43.68,15.3933,33.8144
2007-01-31,62.12,58.22,3.0618,89.56,64.07,72.88,26.62,23.94,0,74.1,212.16,40.74,20.96,94.7045,66.8,50.93,44.35,42.6703,30.86,12.3513,24.8742,64.87,40.119,50.85,52.26,35.8321,0,40.49,15.8967,34.7024
2007-02-28,61.936,56.87,3.0218,87.26,64.43,68.52,25.94,23.34,0,71.68,201.75,39.59,19.86,88.7729,62.93,49.39,43.69,42.0982,28.17,13.0588,23.6608,63.49,38.715,50.75,52.18,34.7903,0,45.89,16.1033,33.7946
2007-03-30,63.901,56.4,3.3182,88.91,67.03,73.96,25.53,24,0,75.45,206.63,36.74,19.13,90.0338,60.26,48.38,45.05,42.1172,27.87,13.2825,23.9452,63.16,38.338,51.77,52.97,35.274,0,45.3,15.65,33.9723
2007-04-30,69.202,60.67,3.5643,93,72.62,77.79,26.74,26.095,0,79.38,218.61,37.87,21.5,97.6273,64.22,52.1,48.28,49.0494,29.94,13.465,25.0827,64.4,39.594,54.1,53.06,35.5159,0,44.7,15.9733,34.5149
2007-05-31,73.541,64.98,4.3283,100.59,78.58,81.49,26.92,26.495,0,83.17,230.82,38.87,22.1799,101.8205,63.27,51.83,50.55,50.0124,30.6901,14.1875,26.0591,63.55,41.611,54.17,54.77,40.4926,0,45.89,15.8667,34.9688
2007-06-29,72.563,61.18,4.3586,96.16,78.3,84.24,27.85,26.155,0,83.88,216.75,39.35,23.7399,100.531,61.62,48.45,50.76,47.4856,29.47,14.5725,24.2391,61.19,41.836,53.5,51.14,38.2972,0,43.9,16.0367,34.14
2007-07-31,74.344,58.54,4.7057,103.43,78.8,85.26,28.91,26.055,0,85.13,188.34,37.17,23.62,105.6889,60.5,44.01,47.87,47.3426,28.99,14.1125,22.2863,61.86,43.039,50.78,48.43,39.646,0,45.13,15.3167,33
2007-08-31,76.074,58.62,4.9457,96.7,75.77,87.76,31.92,26.89,0,85.73,176.01,38.31,25.75,111.4581,61.79,44.52,49.25,47.8384,28.73,14.085,23.5471,65.31,44.018,50.54,50.01,38.9577,0,43.54,14.5433,33.6
2007-09-28,78.24,59.37,5.4811,104.99,78.43,93.58,33.1299,28.735,0,92.56,216.74,32.44,25.86,112.5183,65.7,45.82,54.47,49.2878,29.46,14.665,23.1584,70.34,47.468,50.34,48.43,41.1902,0,44.18,14.55,34.39
2007-10-31,72.203,60.95,6.7839,98.59,74.61,91.51,33.06,30.88,0,91.99,247.92,31.51,26.9,110.9136,65.17,47,59.75,55.5524,36.81,16.565,23.329,69.52,45.174,52.21,49.15,42.8553,0,45.07,15.07,34.63
2007-11-30,69.612,58.98,6.5079,92.54,71.9,87.77,28.02,31.05,0,89.16,226.64,28.56,26.08,100.4641,67.74,45.62,58.47,56.6013,33.6,16.4125,22.5233,74,44.1,53.11,55,40.1949,0,47.24,15.9667,33.15
2007-12-31,70.498,52.02,7.0743,87.46,72.56,93.33,27.0699,30.685,0,93.69,215.05,26.94,26.66,103.2532,66.7,43.65,58.91,55.4094,35.6,16.06,21.5469,73.42,45.144,53.8,58.2,40.6414,0,39.65,15.8433,32.28
2008-01-31,66.593,49.13,4.8343,83.18,70.99,83.25,24.5,29.5,0,86.4,199.55,30.64,21.1,102.3076,63.14,47.4,53.58,43.9575,32.6,15.3325,22.1441,65.42,43.216,48.1,50.84,36.1205,0,36.59,16.9133,29.84
2008-02-29,65.548,42.3,4.465,82.79,72.33,86.66,24.39,29.23,0,87.01,169.63,26.55,19.9699,108.755,61.96,40.65,54.11,42.2412,27.1999,15.05,21.1203,66.18,41.588,46.41,46.48,33.7857,0,38.08,16.53,32.41
2008-03-31,66.175,43.72,5.125,74.37,78.29,85.36,24.09,30.435,0,84.58,165.39,27.97,21.18,109.9776,64.87,42.95,55.77,36.1863,28.38,17,19.8406,70.07,40.591,47.85,34.36,33.9066,15.59,35.04,17.56,31.38
2008-04-30,64.294,48.02,6.2125,84.86,81.88,96.15,25.64,29.435,0,93.07,191.37,28.8,22.26,115.2883,67.09,47.65,59.58,36.2721,28.52,16.7,19.0633,67.05,42.744,50.4,32.63,35.9553,20.8625,36.51,19.3267,32.43
2008-05-30,64.846,46.35,6.7411,82.77,82.64,99.15,26.72,28.63,0,88.76,176.41,27.36,23.18,123.6269,66.74,43,59.32,37.1494,28.32,17.0925,18.3523,66.05,41.9,49.81,34.21,35.946,21.59,38.09,19.2467,33.6
2008-06-30,58.182,37.67,5.98,65.72,73.82,99.13,23.26,25.99,0,88.13,174.9,23.42,21.48,113.2156,64.34,34.31,56.22,35.9384,27.51,14.9025,16.5607,60.81,36.392,43.4,26.25,33.0774,20.3275,34.85,18.7333,31.2
2008-07-31,58.851,37.12,5.6768,61.11,69.52,84.56,21.99,25.75,0,80.43,184.04,23.83,22.19,122.2419,68.47,40.63,59.79,31.371,25.72,14.67,17.6982,65.48,37.736,44.12,28.08,31.8066,18.265,36.02,19.54,30.35
2008-08-29,59.863,39.68,6.0546,65.56,70.73,86.32,24.05,26.035,0,80.01,163.97,27.12,22.87,116.2721,70.43,38.49,62,34.0123,27.29,15.1525,18.1153,69.77,38.686,44.16,30.45,32.8158,18.975,32.51,19.69,32.35
2008-09-30,57.112,35.43,4.0593,57.35,59.6,82.48,22.56,26.44,0,77.66,128,25.89,18.73,111.716,69.28,46.7,61.7,30.0933,26.69,16.725,17.4802,69.69,35.424,45.2,25.39,29.9846,15.3475,34.34,19.9633,30.69
2008-10-31,53.76,27.5,3.8425,52.42,38.2,74.6,17.77,22.03,0,74.12,92.5,23.59,16.031,88.8016,61.34,41.25,57.93,29.5116,22.33,14.4075,16.7882,64.54,32.416,42.55,23.73,27.7234,13.8375,36.43,18.6033,25.91
2008-11-28,55.958,23.31,3.3096,42.63,40.99,79.01,16.54,23.435,0,80.15,78.99,23.11,13.8,77.9414,58.58,31.66,58.75,25.4782,20.22,13.3125,15.5748,64.35,28.624,43.65,21.01,30.5078,13.14,30.96,18.6267,22.52
2008-12-31,48.108,18.55,3.0482,42.67,44.67,73.97,16.3,22.635,0,79.83,84.39,23.02,14.66,80.3866,59.83,31.53,62.19,28.9872,19.44,12.75,16.7882,61.82,31.614,45.2,26.6,31.6758,13.1125,25.46,18.6867,22.69
2009-01-30,44.972,16.73,3.2189,42.31,30.85,70.52,14.97,21.36,0,76.48,80.73,21.53,12.9,87.5408,57.69,25.51,58.02,27.2232,17.1,11.3125,13.8211,54.5,28.305,38.64,28.33,27.9102,12.3375,24.74,15.7067,20.68
2009-02-27,38.008,12.06,3.1896,31.44,24.61,60.71,14.57,20.425,0,67.9,91.08,20.89,12.74,87.9037,50,22.85,52.25,23.0753,16.15,10.3825,11.6693,48.17,24.082,36.15,19.65,26.6581,14.1775,24.67,16.4133,16.77
2009-03-31,41.57,13.63,3.7543,35.58,27.96,67.24,16.77,21.975,0,68.1,106.02,23.56,15.03,92.5458,52.6,26.58,54.57,25.5068,18.37,11.7225,12.9111,47.09,25.35,40.64,20.93,28.2186,13.9,27.41,17.3667,18.16
2009-04-30,48.158,25.22,4.4939,40.05,35.58,66.1,19.32,21.525,0,66.67,128.5,26.32,15.78,98.5825,52.36,33,53.29,23.1135,20.26,13.1175,12.6646,49.44,28.807,41.14,23.52,28.3494,16.24,23.86,16.8,21.9
2009-05-29,47.74,24.85,4.8504,44.85,35.46,66.67,18.5,24.58,0,69.35,144.57,23.16,15.72,101.5148,55.16,36.9,58.99,26.2982,20.89,14.2625,14.3993,51.94,31.03,40.66,26.6,27.3403,16.9275,25.96,16.58,24.22
2009-06-30,50.248,23.24,5.0868,42.5,33.04,66.25,18.65,23.995,0,69.91,147.44,23.63,16.55,99.7382,56.8,34.11,57.49,26.6606,23.77,12.945,14.2192,51.1,30.647,41.04,24.98,28.7138,15.565,31.43,16.1467,23.33
2009-07-31,58.96,28.33,5.8354,42.91,44.06,69.47,22.01,24.92,0,70.39,163.3,25.94,19.25,112.6425,60.89,38.65,55.06,28.6153,23.52,14.16,15.1008,55.51,32.127,43.07,28.06,29.9659,16.365,29.79,16.6267,25.12
2009-08-31,60.281,33.82,6.0075,49.67,45.31,69.94,21.6,24.385,0,69.15,165.46,27.29,20.32,112.7571,60.44,43.46,56.24,30.9228,24.65,13.8475,15.8307,54.11,35.011,50.42,28,29.0035,17.775,29.4,16.9567,26.04
2009-09-30,61.702,33.9,6.6196,54.15,51.33,70.43,23.54,26.85,0,68.61,184.35,26.64,19.57,114.2472,60.89,43.82,57.07,30.16,25.72,16.175,15.6886,57.92,35.937,49.23,25.04,28.284,17.2775,31.05,16.3633,27.46
2009-10-30,61.51,34.84,6.7321,47.8,55.06,76.54,22.81,26.655,0,71.67,170.17,25.09,19.11,115.2023,59.05,41.77,58.61,29.4926,27.73,15.545,16.1436,58,36.244,49.79,25.95,27.6486,18.94,33.88,16.56,27.37
2009-11-30,64.746,41.83,7.1396,52.41,58.39,78.04,23.4,28.6,0,75.07,169.66,27.36,19.2,120.685,62.84,42.49,63.25,34.5272,29.41,16.2225,17.2242,62.35,39.659,52.39,28.67,29.3959,20.25,37.47,18.1833,30.22
2009-12-31,69.118,40.52,7.5261,54.13,56.99,76.99,23.94,28.5,0,68.19,168.84,28.93,20.4,125.031,64.41,41.67,62.44,34.8418,30.48,16.5175,17.2432,60.63,40.939,49.86,30.48,30.9563,21.865,37.83,17.8167,32.25
2010-01-29,67.296,37.66,6.8594,60.6,52.24,72.12,22.47,27.125,0,64.43,148.72,28.01,19.4,116.9025,62.86,38.94,62.43,36.4056,28.18,15.9375,17.6887,61.55,39.801,50.67,33,27.4898,20.5075,38.89,17.81,29.55
2010-02-26,67.011,38.19,7.3079,63.16,57.05,72.3,24.33,26.36,0,65,156.35,31.2,20.53,121.4587,63,41.97,63.85,35.166,28.67,16.9,16.6365,63.28,40.491,52.59,33.86,27.0319,21.32,36.72,18.0233,31.24
2010-03-31,69.871,41.26,8.3929,72.61,62.85,75.83,26.03,27.5,0,66.98,170.63,32.35,22.29,122.4998,65.2,44.75,66.72,35.6142,29.2875,18.375,16.2573,63.27,43.416,53.94,32.67,28.9848,22.7575,36.05,18.5333,34.91
2010-04-30,74.135,46.12,9.3246,72.43,68.09,81.44,26.93,26.725,0,67.77,145.2,35.23,22.84,123.2162,64.3,42.58,70.59,33.4116,30.535,18.9775,15.8497,62.16,44.207,50.74,30.31,27.0039,22.5575,35.24,17.88,36.84
2010-05-28,66.309,39.87,9.1743,64.18,60.76,73.87,23.16,25.7,0,60.46,144.26,33.86,21.42,119.6438,58.3,39.58,66.87,32.1243,25.8,18.095,14.4373,61.09,39.742,49.47,29.07,25.7144,18.115,37.09,16.8533,33.42
2010-06-30,66.042,39.7,8.9832,62.75,60.07,67.86,21.31,25.06,0,57.07,131.27,28.07,19.45,117.9437,59.06,36.61,65.87,33.3448,23.01,16.8875,13.5178,59.98,38.285,49.25,28.4,26.1816,17.6875,35.15,16.0233,31.5
2010-07-30,71.518,44.64,9.1875,68.14,69.75,76.21,23.07,27.555,0,59.68,150.82,28.51,20.6,122.6431,58.09,40.28,69.73,32.8585,25.81,18.41,14.2192,61.16,41.936,50.45,30.45,29.06,18.3375,32.04,17.0633,33.69
2010-08-31,65.674,39.87,8.6821,61.13,65.16,74.08,19.985,27.9413,0,59.11,136.93,27.82,17.665,117.6093,57.02,36.36,73.06,33.526,23.465,17.5,15.0819,59.67,38.462,48.99,31.72,29.53,17.245,26.7,16.7133,32.54
2010-09-30,72.496,42.03,10.1339,66.54,78.68,81.05,21.9,29.26,0,61.79,144.58,31.68,19.2,128.1257,61.96,38.06,74.51,35.0993,24.49,20.035,16.2763,59.97,42.012,52.1,35.11,32.59,18.565,28.55,17.84,33.1
2010-10-29,70.414,41.46,10.7493,70.64,78.6,82.6,22.86,30.66,0,66.49,161.13,30.9,20.05,137.1616,63.74,37.63,77.77,34.6225,26.665,20.36,16.5085,63.57,44.1,55.2,36.05,32.48,19.54,26.88,18.0567,36.125
2010-11-30,70.214,43.22,11.1125,63.77,84.6,80.97,19.16,31.585,0,69.56,156.14,30.21,21.1575,135.1175,61.55,37.4,78.3,32.868,25.2575,21.5325,15.4516,61.07,44.395,53.99,36.52,32.01,18.4625,33.5,18.03,36.51
2010-12-31,72.153,42.92,11.52,65.26,93.66,91.25,20.23,32.885,0,73.12,168.16,35.06,21.03,140.1799,61.85,42.42,76.76,34.3651,27.91,21.355,16.5986,64.33,46.43,55.71,36.11,35.78,17.595,33.88,17.9767,37.51
2011-01-31,73.508,43.38,12.1186,69.48,97.01,94.93,21.15,31.425,0,80.68,163.62,36.77,21.46,154.7366,59.77,44.94,73.67,31.6285,27.725,20.62,17.2716,63.13,47.952,56.26,41.05,35.62,17.4625,34.85,18.69,38.87
2011-02-28,77.111,43.57,12.6146,72.01,102.93,103.75,18.56,31.96,0,85.53,163.78,37.47,21.47,154.6219,61.44,46.69,75.68,31.0563,26.58,22.2575,18.2385,63.05,49.273,59.93,42.58,36.92,18.2625,38.96,17.3267,43.74
2011-03-31,78.173,45.2,12.4467,73.93,111.35,107.49,17.15,33.17,0,84.13,158.6,37.06,20.18,155.7586,59.25,46.1,76.09,31.4759,25.39,18.925,19.2528,61.6,49.928,59.48,45.2,38.54,18.405,40.44,17.35,43.09
2011-04-29,81.275,49.08,12.5046,79.78,115.41,109.44,17.52,33.73,0,87.98,151.01,37.15,23.15,162.9319,65.72,45.63,78.31,34.2793,25.92,20.58,19.8785,64.9,52.836,63.28,49.23,37.78,19.53,43.34,18.3267,43.1
2011-05-31,78.909,51.6,12.4225,78.03,105.8,104.91,16.8,33.405,0,83.47,140.73,36.28,22.51,161.3559,67.29,43.24,81.54,35.0421,25.01,21.1125,20.3335,67,51.768,62.08,48.95,36.93,20.265,40.14,18.4067,41.63
2011-06-30,79.302,51.7,11.9882,73.93,106.46,102.84,15.61,33.645,0,81.38,133.09,36.22,22.16,163.8584,66.52,40.94,84.32,33.6499,26,22.495,19.5277,63.57,52.204,58.38,51.58,37.23,21.065,42.72,17.7133,39.04
2011-07-29,72.856,50.04,13.9457,70.47,98.79,104.02,15.97,34.005,0,79.79,134.97,34.93,22.33,173.6966,64.79,40.45,86.48,32.5438,27.4,22.5375,18.2471,61.49,48.86,55.13,49.63,35.29,21.385,43.63,17.57,38.62
2011-08-31,69.378,49.71,13.7439,66.86,91,98.84,15.67,35.225,0,74.02,116.22,33.38,20.13,164.2022,65.8,37.56,90.41,31.5569,26.6,21.6625,17.9921,63.68,43.794,50.46,47.52,36.165,21.97,42.46,17.73,34.06
2011-09-30,60.022,44.9,13.6186,60.51,73.84,92.59,15.5,33.78,0,72.63,94.55,32.87,21.335,167.0295,63.69,30.12,87.82,31.1803,24.89,21.3775,16.7597,63.18,41.499,48.73,46.12,36.8,21.43,39.04,17.3,30.16
2011-10-31,66.067,50.62,14.4564,65.79,94.46,105.05,18.53,34.16,0,78.09,109.55,35.8,24.54,176.3519,64.39,34.76,92.85,32.8966,26.63,24.0875,18.2575,63.99,45.994,58.35,47.99,36.98,23.315,35.21,18.9067,34.88
2011-11-30,67.756,48.04,13.65,68.69,97.88,102.82,18.64,33.615,0,80.44,95.86,39.22,24.91,179.5708,64.72,30.97,95.52,34.0886,25.58,24.045,19.0253,64.57,45.18,56.25,48.77,37.73,24.2425,32.89,19.6333,35.85
2011-12-30,68.332,47.17,14.4643,73.35,90.6,106.4,18.08,34.985,0,84.76,90.43,42.04,24.25,175.6356,65.58,33.25,100.33,35.9479,25.96,24.0925,20.5136,66.71,43.11,59.17,50.68,40.12,25.3825,33.2,19.92,37.5
2012-01-31,72.496,50.14,16.3029,74.18,109.12,103.12,19.645,33.765,0,83.74,111.47,44.39,26.42,183.9646,65.91,37.3,99.05,36.4914,29.53,25.9975,20.2861,63.04,46.212,58.3,51.79,37.66,25.16,33.72,20.4533,38.9
2012-02-29,73.24,52.89,19.3729,74.95,114.21,109.12,19.88,34.93,0,86.5,115.14,47.57,26.88,187.9094,65.08,39.24,99.28,36.3961,31.74,26.98,20.0254,67.62,49.468,57.97,55.75,38.11,29.0925,33.06,19.6933,41.99
2012-03-30,74.586,57.86,21.4125,74.37,106.52,107.21,21.15,37.005,0,86.73,124.37,50.31,28.115,199.295,65.96,45.98,98.1,36.6154,32.255,27.11,21.4663,67.21,48.919,59.2,58.94,38.23,29.5,33.36,20.4,43.78
2012-04-30,74.712,60.21,20.8564,76.8,102.77,106.56,20.155,38.16,0,86.34,115.15,51.79,28.395,197.7954,65.1,42.98,97.45,37.4164,32.015,27.9675,21.708,63.64,48.152,64.32,56.15,40.38,30.745,33.16,19.6367,43.11
2012-05-31,70.573,55.83,20.6332,69.61,87.62,98.31,16.33,37.365,0,78.63,95.7,49.34,25.84,184.2511,62.43,33.15,89.34,35.8335,29.19,27.045,20.7316,62.29,43.711,62.49,55.77,41.64,28.8,33.49,21.94,45.71
2012-06-29,74.912,58.21,20.8571,74.3,84.91,105.5,17.17,39.095,0,85.57,95.86,52.99,26.65,186.811,67.56,35.73,88.53,39.8097,30.59,21.945,21.8028,61.25,44.549,63.84,58.5,44.44,30.9075,35.06,23.24,48.5
2012-07-31,76.275,57.71,21.8129,73.91,84.21,109.58,15.95,40.4,0,86.85,100.9,52.18,25.7,187.193,69.22,36,89.36,42.1172,29.47,23.3375,22.7887,64.54,43.906,62.65,51.09,45.14,32.2675,30.52,24.81,49.14
2012-08-31,77.421,58.3,23.7586,71.4,85.33,112.16,19.08,37.4,0,87.3,105.72,56.75,24.83,186.1137,67.43,37.14,89.49,41.0493,30.82,24.34,22.6181,67.19,47.097,64.74,54.3,42.94,32.0625,29.58,24.2,49.47
2012-09-28,77.27,56.86,23.8252,69.595,86.04,116.56,19.095,37.93,0,91.45,113.68,60.37,22.655,198.1488,68.91,40.48,91.75,42.9993,29.76,23.7275,23.5565,69.36,46.177,68.26,55.41,45.57,33.57,36.36,24.6,52.28
2012-10-31,73.24,55.97,21.2614,70.44,84.81,110.2407,17.145,37.18,0,91.17,122.39,61.38,21.63,185.8081,70.82,41.68,86.8,43.5094,28.54,22.845,23.5755,69.24,46.1,70.94,56,44.64,34.69,35.76,25.0067,49.12
2012-11-30,76.041,55.9,20.9029,74.28,85.24,105.69,18.91,37.92,0,88.14,117.79,65.07,19.565,181.548,69.73,41.08,87.04,42.2412,26.615,24.37,23.7177,69.83,47.25,70.82,54.39,44.12,37.4275,36.44,24.0067,49.66
2012-12-31,77.63,57.48,19.0062,75.36,89.6085,108.14,19.6494,36.25,0,86.55,127.56,61.85,20.62,182.9617,70.1,43.9691,88.21,39.0374,26.7097,25.8,23.7739,67.89,48.371,71.82,54.24,43.27,37.895,35.23,22.7433,49.79
2013-01-31,84.067,58.81,16.2675,73.87,98.39,115.15,20.57,37.24,0,89.97,147.86,66.92,21.04,193.9652,73.92,47.05,95.29,41.24,27.45,27.025,25.86,75.16,51.65,78.46,55.21,43.61,39.4775,33.91,23.3167,53.88
2013-02-28,86.952,62.15,15.7643,76.9,92.37,117.15,20.855,38.72,0,89.55,149.76,68.5,20.88,191.8256,76.11,48.92,95.9,40.7442,27.8,27.23,25.9454,76.18,53.408,80.42,53.45,46.53,39.66,37.01,23.5933,54.59
2013-03-28,88.883,67.46,15.8093,85.85,86.97,118.82,20.895,40.44,0,90.11,147.15,69.78,21.835,203.7365,81.53,47.46,99.69,42.1458,28.605,29.505,27.3578,77.06,55.106,84.19,57.21,49.15,42.46,39.96,24.9433,56.8
2013-04-30,87.545,68.41,15.8136,91.41,84.67,122.01,20.92,42.33,0,88.99,146.07,73.35,23.95,193.4589,85.23,49.01,102.14,44.8157,33.1,31.8,27.5569,76.77,53.844,85.41,59.93,53.91,42.115,40.94,25.9067,62.84
2013-05-31,92.194,75.71,16.062,99.02,85.8,122.75,24.115,39.99,0,90.47,162.08,78.66,24.28,198.6932,84.18,54.59,96.57,44.5297,34.9,30.83,25.8127,76.76,55.973,83.72,62.63,48.48,44.535,47.68,24.9467,63.08
2013-06-28,91.425,74.76,14.1618,102.44,82.49,118.34,24.335,40.11,0,90.35,151.25,77.47,24.23,182.5414,85.86,52.79,99,44.2913,34.545,31.84,26.5521,76.99,54.817,79.92,65.48,50.34,45.6875,49.51,24.83,63.15
2013-07-31,98.18,73.77,16.1618,105.1,82.91,125.89,25.59,40.08,0,93.75,164.03,79.03,23.335,186.2952,93.5,55.73,98.08,45.9313,31.84,31.46,27.7085,80.3,62.267,83.55,72.85,49.48,44.2525,47.76,25.98,64.65
2013-08-30,94.961,71.91,17.4006,103.92,82.54,120.43,23.31,38.18,0,87.16,152.13,74.49,21.98,174.0977,86.41,50.53,94.36,45.0922,33.4,31.41,26.7416,77.89,59.04,79.9,71.74,47.38,43.605,44.2,24.3267,60.83
2013-09-30,99.836,75.52,17.0268,117.5,83.4,121.5,23.431,37.88,0,86.04,158.21,75.85,22.921,176.8773,86.69,51.69,96.21,45.3964,33.28,36.32,27.2298,75.59,63.594,84.77,71.61,46.675,47.775,50.25,24.6533,64.49
2013-10-31,105.22,81.8,18.6679,130.5,83.36,119.96,22.56,39.57,0,89.62,160.86,77.89,24.47,171.1749,92.61,51.54,96.52,42.9945,35.405,37.88,29.0878,80.75,62.668,86.3,68.26,50.51,49.1675,48.07,25.5833,68.59
2013-11-29,111.624,85.8,19.8596,134.25,84.6,122.44,21.25,40.19,0,93.48,168.94,80.67,23.84,171.6239,94.66,57.22,97.37,47.5142,38.13,39.57,30.0784,84.22,65.387,90.74,74.48,49.62,50.865,53.8,27.0033,70.54
2013-12-31,117.26,90.73,20.0364,136.49,90.81,124.91,22.43,41.31,0,101.2,177.26,82.34,25.955,179.1601,91.59,58.48,97.03,47.724,37.41,39.32,29.0357,81.41,67.121,90.54,75.3,49.14,55.67,59.24,26.23,76.4
2014-01-31,107.176,85.02,17.8786,125.26,93.91,111.63,21.91,37.82,0,92.16,164.12,76.85,24.54,168.7584,88.47,55.36,94.17,50.5083,37.84,36.425,28.8176,76.62,67.251,81.28,72.28,48.02,53.8575,59.2,24.8933,72.61
2014-02-28,112.644,91.28,18.7943,128.92,96.97,115.33,21.8,38.2,0,96.27,166.45,82.03,24.76,176.8677,92.12,56.82,95.15,54.3414,38.31,39.15,30.4386,78.66,69.02,83.84,77.27,47.58,56.485,57.44,24.9,80.81
2014-03-31,113.422,90.03,19.1693,125.49,99.37,118.91,22.415,38.66,0,97.68,163.85,79.13,25.814,183.8595,98.23,60.71,98.03,54.1317,40.99,36.93,30.4481,80.6,68.914,85.1,81.99,47.57,53.965,57.35,25.4767,80.07
2014-04-30,116.29,87.43,21.0746,129.02,105.4,125.52,23.11,40.79,0,102.41,159.82,79.51,26.69,187.6611,101.29,55.98,101.38,55.8385,40.4,36.475,29.6518,82.55,69.793,90.58,75.04,46.73,50.6525,67.95,26.57,79.34
2014-05-30,119.182,91.5,22.6071,135.25,102.23,122.79,24.62,40.91,0,100.53,159.81,80.23,27.32,176.094,101.46,55.57,101.43,55.171,40.94,38.455,28.0877,80.79,68.548,93.45,79.63,49.96,53.7075,66.03,25.59,84.01
2014-06-30,119.759,94.87,23.2325,127.23,108.67,130.55,24.85,42.36,0,100.68,167.44,80.96,30.9,173.1426,104.62,57.62,100.74,55.1615,41.7,38.775,28.1351,78.59,68.094,94.07,81.75,48.93,52.6775,67.9,25.0233,85.74
2014-07-31,117.795,88,23.9,120.48,100.75,129.24,25.23,39.29,0,98.94,172.87,80.85,33.89,183.0763,100.09,57.67,94.56,54.1031,43.16,38.565,27.2061,77.32,62.019,89.56,81.05,50.42,52.7525,71.91,24.5267,85.88
2014-08-29,120.395,89.55,25.625,126.8,109.07,129.45,24.99,41.72,0,99.46,179.11,93.5,34.92,183.678,103.73,59.45,93.72,57.3164,45.43,39.275,27.8602,83.11,63.688,94.71,86.68,49.82,53.13,74.13,25.1667,89.88
2014-09-30,118.455,87.54,25.1875,127.38,99.03,119.32,25.17,42.66,0,94.05,183.57,91.74,34.82,181.3188,106.59,60.24,94.81,56.525,46.36,44.6,28.0309,83.74,62.284,93.94,86.25,49.99,53.3425,68.77,25.49,89.03
2014-10-31,128.563,89.95,27,124.91,101.41,119.95,24.47,41.88,0,96.71,189.99,97.52,34.01,157.029,107.78,60.48,93.73,55.2473,46.95,46.485,28.3911,87.27,63.11,100.8,95.01,50.25,60.3575,60.52,25.4233,91.38
2014-11-28,133.847,92.42,29.7325,134.36,100.6,108.87,27.64,44.83,0,90.54,188.41,99.4,37.25,154.8989,108.25,60.16,96.81,57.593,47.81,49.645,29.5286,90.43,64.927,104.45,98.63,50.59,64.5475,59.27,29.18,92.51
2014-12-31,137.384,93.04,27.595,129.98,91.53,112.18,27.815,42.22,0,92.45,193.83,104.97,36.29,153.2465,104.57,62.58,93.7,54.1507,46.45,48.075,29.5286,91.09,67.829,105.85,101.09,46.78,65.55,64.22,28.6267,94.19
2015-01-30,135.695,80.69,29.29,145.37,79.97,102.53,26.365,41.17,0,87.42,172.41,104.42,33.04,146.4362,100.14,54.38,92.44,57.4785,40.4,46.125,29.6234,84.29,67.699,102.82,106.25,45.71,63.7275,68.61,28.3267,90.96
2015-02-27,141.004,81.59,32.115,150.85,82.9,106.68,29.51,43.3,0,88.54,189.79,114.75,33.25,154.6793,102.51,61.28,98.9,55.8194,43.85,48.56,32.5336,85.13,71.904,107.44,113.63,49.45,67.8275,76.2,27.9767,104.08
2015-03-31,137.911,78.12,31.1075,150.08,80.03,104.98,27.525,40.55,0,85,187.97,113.61,31.27,153.3038,100.6,60.58,97.44,54.8087,40.655,50.165,32.9791,81.94,69.126,108.13,118.29,48.63,65.41,73.75,27.4167,104.89
2015-04-30,130.754,77.45,31.2875,143.34,86.88,111.06,28.83,40.56,0,87.37,196.42,106.98,32.55,163.61,99.2,63.26,96.55,56.792,48.64,49.42,32.1639,79.51,67.091,101.11,111.4,50.44,66.05,83.08,26.0167,108.72
2015-05-29,133.003,79.72,32.57,140.52,85.32,103,29.31,40.96,0,85.2,206.19,111.42,34.46,162.0436,100.14,65.78,95.93,58.0602,46.86,50.835,32.9412,78.39,69.109,101.12,120.21,49.44,68.68,84.68,24.7567,110.37
2015-06-30,129.006,77.72,31.3563,138.72,84.82,96.47,27.46,39.23,0,83.2,208.79,111.13,30.415,155.367,97.46,67.76,95.07,54.2842,44.15,54.01,31.7847,78.24,65.428,96.66,122,46.61,67.15,82.93,23.6433,114.14
2015-07-31,126.532,76.06,30.325,144.17,78.63,88.48,28.42,41.08,0,79.21,205.07,117.03,28.95,154.727,100.21,68.53,99.86,56.2199,46.7,57.61,34.183,76.7,59.164,106.12,121.4,46.79,75.34,85.84,23.9933,120
2015-08-31,118.84,76.72,28.19,130.68,76.44,80.99,25.88,39.32,0,75.24,188.6,116.46,28.54,141.2592,93.98,64.1,95.02,51.3474,43.52,55.875,30.5429,70.67,54.033,99.55,115.7,46.01,71.3,84.44,21.5767,101.88
2015-09-30,118.53,74.13,27.575,130.95,65.36,78.88,26.25,40.12,0,74.35,173.76,115.49,30.14,138.4701,93.35,60.97,98.53,47.0946,44.26,61.485,29.7751,71.94,52.488,99.53,116.01,43.51,69.66,96.63,21.6133,102.2
2015-10-30,131.439,73.26,29.875,148.07,72.99,90.88,28.85,42.35,0,82.74,187.5,123.64,33.86,133.7994,101.03,64.25,112.25,52.1197,52.64,65.515,32.0596,76.38,58.044,112.89,117.78,46.88,77.58,86.55,19.08,113.74
2015-11-30,130.913,71.64,29.575,145.45,72.65,91.32,27.25,42.62,0,81.66,190.02,133.88,34.77,133.169,101.24,66.68,114.16,50.5464,54.35,66.14,31.0643,74.84,56.652,114.57,112.71,45.45,79.01,83.1,19.6133,113.47
2015-12-31,125.946,69.55,26.315,144.59,67.96,89.96,27.155,42.96,0,77.95,180.23,132.25,34.45,131.4497,102.72,66.03,118.14,50.3652,55.48,62.5,30.5998,79.41,56.663,112.86,117.64,46.22,77.55,84.68,20.4333,105.08
2016-01-29,126.247,53.5,24.335,120.13,62.24,86.47,23.79,42.92,0,77.85,161.56,125.76,31.02,119.1949,104.44,59.5,123.78,48.3152,55.09,62.01,28.903,81.69,51.721,107.04,115.16,49.97,74.49,84.03,22.12,95.82
2016-02-29,131.155,55.58,24.1725,118.18,67.7,83.44,26.18,43.13,0,80.15,149.53,124.12,29.59,125.1551,105.21,56.3,117.19,47.8765,50.88,61.59,28.1256,80.29,56.988,107.52,119.1,50.73,72.39,85.155,22.1133,95.52
2016-03-31,139.315,61.4,27.2475,126.94,76.54,95.4,28.47,46.39,0,83.59,156.98,133.43,32.35,144.6596,108.2,59.22,125.68,50.4511,55.23,61.47,28.0972,82.31,59.04,116.71,128.9,54.08,76.48,79.72,22.83,99.31
2016-04-29,139.942,65.43,23.435,134.8,77.72,102.18,27.49,44.8,0,88.4,164.11,133.89,30.28,139.3966,112.08,63.2,126.49,52.2914,49.87,58.94,31.0074,80.12,61.559,109.9,131.68,50.94,77.24,78.94,22.29,103.26
2016-05-31,140.728,65.76,24.965,126.15,72.51,101,29.05,44.6,0,89.02,159.48,132.12,31.59,146.8469,112.69,65.27,122.06,53.6454,53,55.22,32.8938,81.04,59.324,114.14,133.67,50.9,78.94,84.24,23.5933,99.22
2016-06-30,146.413,60.76,23.9,129.87,75.81,104.83,28.69,45.33,0,93.74,148.58,127.69,32.8,144.9748,121.3,62.14,120.34,54.9326,51.17,55.2,33.3773,84.67,60.485,119.04,141.2,55.84,74.17,79.28,24.34,97.82
2016-07-29,149.122,64.46,26.0525,133.66,82.76,102.48,30.53,43.63,0,88.95,158.81,138.24,34.86,153.4184,125.23,63.97,117.65,55.9338,56.68,55.5,34.9698,85.59,63.494,116.22,143.2,55.41,78.05,77.4,24.3233,95.95
2016-08-31,149.858,65.58,26.525,129.45,81.95,100.58,31.44,43.43,0,87.14,169.46,134.12,35.89,151.7565,119.34,67.5,115.66,59.8719,57.46,57.64,32.9886,87.31,62.774,118.71,136.05,52.33,80.9,83.27,23.8133,94.46
2016-09-30,147.341,64.04,28.2625,131.74,88.77,102.92,31.72,42.32,0,87.28,161.27,128.68,37.75,151.7278,118.13,66.59,115.36,59.5096,57.6,52.65,32.107,89.75,59.925,114.55,140,51.98,82.7,79.25,24.04,92.86
2016-10-31,138.203,66.42,28.385,142.43,83.46,104.75,30.68,42.4,0,83.32,178.24,122.01,34.87,146.7992,115.99,69.26,112.57,55.991,59.92,50.18,30.0595,86.8,60.279,108.18,141.33,48.1,82.51,80.71,23.34,92.69
2016-11-30,143.588,72.04,27.63,150.56,95.56,111.56,29.82,40.35,0,87.3,219.29,129.4,34.7,154.9467,111.3,80.17,119.27,58.3463,60.26,50.07,30.4671,82.46,63.535,113.35,158.32,49.9,77.32,80.62,23.4767,99.12
2016-12-30,149.298,74.08,28.955,155.68,92.74,117.7,30.22,41.46,0,90.26,239.45,134.08,36.27,158.5477,115.21,86.29,121.72,56.1341,62.14,50.83,30.7894,84.08,64.655,122.42,160.04,53.38,78.02,82.73,23.04,104.22
2017-01-31,146.163,76.38,30.3375,163.42,95.66,111.35,30.72,41.57,0,83.89,229.32,137.58,36.82,166.6952,113.25,84.63,122.57,59.1091,64.65,52.9,30.0784,87.6,64.685,117.78,162.1,49.01,82.71,84.73,22.2467,110.65
2017-02-28,155.803,80.06,34.2475,180.23,96.66,112.5,34.18,41.96,0,81.32,248.06,144.91,36.2,171.7576,122.21,90.62,127.65,62.8088,63.98,57.16,32.344,91.07,66.384,122.24,165.38,49.63,87.94,82.76,23.6433,110.09
2017-03-31,159.966,79.11,35.915,176.86,92.76,107.37,33.8,42.44,0,82.01,229.72,146.83,36.07,166.3323,124.55,87.84,129.61,60.587,65.86,55.73,32.4293,89.85,66.183,120.54,164.01,48.75,88.87,81.94,24.0267,113.39
2017-04-28,163.729,79.25,35.9125,184.83,102.26,106.7,34.07,43.15,0,81.65,223.8,156.1,36.15,153.1032,123.47,87,139.93,59.4333,68.46,55.41,32.1544,87.33,70.182,121.66,174.88,45.91,91.22,86.38,25.06,115.6
2017-05-31,170.952,76.94,38.19,187.63,105.43,103.48,31.53,45.47,0,80.5,211.26,153.51,36.11,145.7867,128.25,82.15,150.89,62.0841,69.84,52.99,30.9505,88.09,71.533,124.85,175.18,46.64,95.23,83.05,26.2,107.94
2017-06-30,174.062,84.24,36.005,197.75,107.46,104.33,31.3,44.85,0,80.73,221.9,153.4,33.74,146.9329,132.29,91.4,153.16,61.1115,68.93,59,31.8416,87.15,72.022,126.53,185.42,44.66,93.78,86.54,25.2267,106.25
2017-07-31,168.193,85.23,37.1825,242.46,113.95,109.19,31.45,45.84,0,80.04,225.33,149.6,35.47,138.1836,132.72,91.8,155.14,60.9112,72.7,59.05,31.434,90.82,69.934,128.09,191.81,48.4,99.56,81.02,26.6633,109.93
2017-08-31,170.827,86.1,41,239.66,117.49,107.62,32.21,45.55,0,76.33,223.74,149.87,35.07,136.6171,132.37,90.89,159.97,60.8922,74.77,52.81,32.1544,92.27,70.613,121.18,198.9,47.97,103.52,78.31,26.0233,101.2
2017-09-29,175.492,90.46,38.53,254.21,124.71,117.5,33.63,45.01,0,81.98,237.19,163.56,38.08,138.5752,130.01,95.51,156.68,61.0543,74.49,51.85,33.8418,90.98,68.466,122.52,195.85,49.49,105.24,80.67,26.0467,98.57
2017-10-31,192.456,95.52,42.26,257.98,135.8,115.89,34.15,45.98,0,83.35,242.48,165.78,45.49,147.1526,139.41,100.61,166.91,52.5297,83.18,54.99,33.2351,86.34,70.636,132.45,210.22,47.87,109.98,81.5,29.1033,97.81
2017-11-30,203.283,97.71,42.9625,276.8,141.15,118.99,37.3,45.77,0,83.29,247.64,179.82,44.84,147.0666,139.33,104.52,171.97,52.7014,84.17,60.42,34.3726,89.99,71.633,135.57,228.17,50.89,112.59,77.22,32.41,104.82
2017-12-29,196.787,99.31,42.3075,294.91,157.58,125.19,38.3,45.88,0,83.64,254.76,189.53,46.16,146.5413,139.72,106.94,172.12,53.6549,85.54,62.55,34.3347,91.88,75.243,135.64,220.46,52.93,114.02,66.27,32.9167,107.51
2018-01-31,209.437,99.4,41.8575,354.37,162.78,125.35,41.54,47.59,0,87.3,267.89,200.9,48.14,156.3603,138.19,115.67,171.14,56.4964,95.01,68.22,35.112,86.34,81.4,149.92,236.78,54.07,124.23,72.76,35.5333,108.67
2018-02-28,196.904,97.51,44.53,362.21,154.63,111.92,44.78,43.22,0,75.74,262.93,182.27,49.29,148.8432,129.88,115.5,157.74,51.7002,93.77,67.03,34.42,78.52,79.472,139,226.16,47.74,122.94,72.62,30.0033,103.16
2018-03-29,183.535,93.28,41.945,327.88,147.38,114.04,42.89,43.43,0,74.61,251.86,178.24,52.08,146.5508,128.15,109.97,156.38,51.9386,91.27,66.44,33.6427,79.28,74.21,138.86,214,47.82,119.62,75.26,29.6567,100.44
2018-04-30,162.525,98.75,41.315,333.56,144.36,125.11,44.29,43.21,0,77.75,238.33,184.8,51.62,138.4606,126.49,108.78,167.44,56.1341,93.52,68.39,34.7044,72.34,70.866,131.6,236.4,49.35,126.88,68.89,29.4867,100.33
2018-05-31,164.899,98.3,46.7175,352.16,151.91,124.3,42.71,43,0,81.24,225.88,186.55,55.2,134.9742,119.62,107.01,160.01,56.7634,98.84,71.8,34.0598,73.17,73.621,128.52,241.51,47.67,130.72,65.47,27.5133,99.47
2018-06-29,164.473,98,46.2775,335.51,135.67,126.43,43.03,43.86,0,82.73,220.57,195.1,49.71,133.4364,121.34,104.2,156.69,57.879,98.61,79.68,34.3916,78.06,73.745,122.34,245.34,50.31,132.45,66.45,28.55,104.81
2018-07-31,177.515,99.52,47.5725,356.3,143.8,126.27,42.29,46.63,0,81.51,237.43,197.52,48.1,138.4319,132.52,114.95,157.54,62.8088,106.08,76.91,37.8516,80.88,80.061,130.14,253.22,51.64,136.74,62.39,29.7433,113.56
2018-08-31,176.345,105.98,56.9075,342.79,138.85,118.46,47.77,44.57,0,80.17,237.81,200.77,48.43,139.9124,134.69,114.58,162.23,65.4023,112.33,82.2,39.3588,82.95,77.679,131.6,268.46,54.37,146.89,60.015,31.9533,112.02
2018-09-28,176.169,106.49,56.435,371.9,152.49,122.28,48.65,46.19,0,85.02,224.24,207.15,47.29,144.4303,138.17,112.84,167.29,67.6431,114.37,84.72,41.7761,83.23,82.462,129.71,266.04,53.39,150.09,67.62,31.3033,116.94
2018-10-31,159.072,102.73,54.715,354.86,121.32,111.65,45.75,47.88,0,79.68,225.37,175.88,46.88,110.2546,139.99,109.02,176.9,70.189,106.81,75.04,40.8187,88.68,73.261,125.13,261.35,57.09,137.85,68.56,33.4267,114.83
2018-11-30,173.837,112.27,44.645,346.76,135.67,118.94,47.87,50.4,0,79.5,190.69,180.32,49.31,118.6982,146.9,111.19,188.51,75.6528,110.89,75.12,43.8237,94.51,71.863,130.37,281.36,60.3,141.71,72.9,32.55,115.49
2018-12-31,159.306,95.32,39.435,322.5,127.07,108.79,43.33,47.35,0,68.19,167.05,171.82,46.93,108.5735,129.05,97.62,177.57,72.8589,101.57,74.14,41.378,91.92,62.803,119.75,249.12,56.22,131.94,79.77,31.05,109.65
2019-01-31,167.466,102.7,41.61,385.62,133.16,114.65,47.29,48.13,0,73.28,198.01,183.53,47.12,128.3931,133.08,103.5,178.78,70.9709,104.43,81.88,40.2404,96.47,69.639,125.54,270.2,55.06,135.01,84.67,31.9433,111.52
2019-02-28,173.394,107.74,43.2875,439.96,137.34,119.58,51.77,45.34,0,79.03,196.7,185.14,52.96,131.9368,136.64,104.36,183.84,77.5121,112.03,85.73,41.0936,98.55,74.122,132.91,242.22,56.92,148.12,68.33,32.9967,112.84
2019-03-29,173.72,109.3,47.4875,381.42,135.49,123.18,53.99,46.86,51.63,80.8,191.99,191.89,53.7,134.7736,139.79,101.23,189.9,79.3048,117.94,84.21,40.2594,104.05,76.021,137.16,247.26,59.13,156.19,72.26,32.51,111.03
2019-04-30,158.445,117.23,50.1675,377.69,139.42,120.06,55.95,49.06,56.73,80.28,205.92,203.7,51.04,133.9809,141.2,116.05,197.57,75.052,130.6,87.83,38.4962,106.48,84.113,143.75,233.07,57.19,164.43,71.19,34.28,136.97
2019-05-31,133.563,114.71,43.7675,341.61,119.81,113.85,52.03,49.13,46.76,70.77,182.49,189.85,44.04,121.2963,131.15,105.96,198.27,75.5288,123.68,77.14,39.3588,102.91,74.494,145.57,241.8,54.35,161.33,63.27,33.8133,132.04
2019-06-28,144.925,123.44,49.48,364.01,136.29,124.44,54.73,50.92,49.31,76.63,204.6,207.97,47.87,131.7171,139.28,111.8,207.66,79.9532,133.96,83.95,41.0652,109.65,76.794,149.52,244.01,57.13,173.55,53.57,36.83,139.64
2019-07-31,146.079,124.37,53.26,341.18,131.67,123.11,55.4,52.63,48.44,74.36,220.13,213.69,50.55,141.5935,130.22,116,210.72,79.1331,136.27,86.03,36.8183,118.04,78.799,146.62,249.01,55.27,178,49.34,36.7933,143.01
2019-08-30,135.21,120.37,52.185,364.09,119,117.72,46.81,55.04,42.63,68.48,203.91,227.91,47.41,129.4534,128.36,109.86,217.97,82.4514,137.86,84.5,33.6996,120.23,76.817,146.96,234,58.16,180.82,54.67,38.0867,137.26
2019-09-30,137.451,118.28,55.9925,380.47,126.31,118.6,49.41,54.44,47.65,70.61,207.23,232.02,51.53,138.8999,129.38,117.69,214.71,80.2678,139.03,93.92,34.0598,124.38,80.521,148.69,217.32,60.36,172.01,54.49,39.56,130.32
2019-10-31,137.944,117.28,62.19,339.91,137.8,116.14,47.51,54.43,50.49,67.57,213.38,234.58,56.53,127.7341,132.04,124.92,196.7,82.6326,143.37,89.55,36.3728,124.51,84.686,131.06,252.7,60.47,178.86,51.19,39.0867,129.92
2019-11-29,141.94,120.12,66.8125,366.18,144.73,117.13,45.31,53.4,53.37,68.13,221.35,220.51,58.05,128.4218,137.49,131.76,194.48,83.1284,151.38,93.49,36.515,122.06,87.493,136.72,279.87,60.24,184.51,55.31,39.6967,151.58
2019-12-31,147.5,124.49,73.4125,325.76,147.68,120.51,47.96,55.35,54.73,69.78,229.93,218.38,59.85,128.0302,145.87,139.4,197.61,86.7232,157.7,101.31,37.1406,124.9,88.331,136.95,293.98,61.4,187.9,54.78,39.6133,144.63
2020-01-31,132.652,129.87,77.3775,318.27,131.35,107.14,45.97,58.4,46.07,62.12,237.75,228.1,63.93,137.2857,148.87,132.36,213.97,81.4693,170.23,96.3,35.3016,124.62,88.59,131.62,272.45,59.44,198.97,59.6,38.1633,138.31
2020-02-28,124.776,109.93,68.34,275.11,124.24,93.34,39.93,53.49,40.41,51.44,200.77,217.84,55.52,124.3146,134.48,116.11,194.17,73.002,162.01,89.38,31.6805,113.23,77.024,119.81,254.96,54.16,181.76,58.96,35.8933,117.65
2020-03-31,114.133,85.61,63.5725,149.14,116.04,72.46,39.31,44.25,29.24,37.97,154.59,186.71,54.12,105.9563,131.13,90.03,165.35,73.3643,157.71,82.74,30.9411,110,55.637,99.35,249.38,53.73,161.12,50.85,37.8733,96.6
2020-04-30,127.017,91.25,73.45,141.02,116.38,92,42.38,45.89,36.69,46.47,183.42,219.83,59.98,119.9304,150.04,95.76,187.56,75.6528,179.21,87.18,36.3633,117.87,64.81,101.21,292.47,57.45,178.72,45.76,40.5167,108.15
2020-05-29,130.796,95.07,79.485,145.85,120.13,91.7,47.82,46.68,38.6,45.47,196.49,248.48,62.93,119.3,148.75,97.31,186.32,76.9686,183.25,98.58,36.2022,115.92,64.52,106.98,304.85,57.38,195.24,45.75,41.3533,117.3
2020-06-30,130.419,95.2,91.2,183.3,126.5,89.23,46.64,44.68,40.76,44.72,197.62,250.51,59.83,115.3552,140.63,94.06,184.47,73.7362,203.51,98.05,30.9979,119.57,61.62,114.05,294.95,55.13,193.17,43.29,39.9267,111.51
2020-07-31,125.804,93.32,106.26,158,132.88,83.94,47.1,47.24,41.06,42.08,197.96,265.49,47.73,117.4279,145.76,96.64,194.28,76.5109,205.01,97.61,36.4771,131.12,56.68,114.42,302.78,57.48,190.4,42.94,43.1333,116.94
2020-08-31,136.297,101.59,129.04,171.82,142.31,83.93,42.22,49.53,45.12,39.94,204.87,285.04,50.95,117.7813,153.41,100.19,213.52,81.3072,225.53,111.89,35.823,138.33,61,116.04,312.55,59.27,211.99,42.39,46.2833,131.87
2020-09-30,133.922,100.25,115.81,165.26,149.15,72,39.39,49.37,47.05,34.33,200.97,277.71,51.78,116.2148,148.88,96.27,219.49,79.095,210.33,125.54,34.7897,138.99,57.54,108.19,311.77,59.49,199.97,40.71,46.6367,124.08
2020-10-30,133.739,91.24,108.86,144.39,157.05,69.5,35.9,48.06,45.49,32.62,189.04,266.71,44.28,106.6536,137.11,98.04,213,71.7147,202.47,120.08,33.6332,137.1,54.32,120.71,305.14,56.99,181.71,38.02,46.25,121.25
2020-11-30,144.415,118.59,119.05,210.71,173.59,87.18,43.02,51.6,53.01,38.13,230.58,277.41,48.35,117.9819,144.68,117.88,217.44,76.654,214.07,134.7,38.31,138.87,71.72,129.65,336.34,60.41,210.35,35.92,50.93,148.01
2020-12-31,146.138,120.91,132.69,214.06,182.02,84.45,44.75,54.84,55.5,41.22,263.71,265.62,49.82,120.236,157.38,127.07,214.58,77.9984,222.42,141.47,36.81,139.14,71.51,140.37,350.68,58.75,218.73,34.04,48.05,181.18
2021-01-29,146.865,116.26,131.96,194.19,182.84,85.2,44.58,48.15,51.9,44.84,271.17,270.82,55.51,113.7696,163.13,128.67,207.84,73.4882,231.96,133.59,35.9,128.21,66.73,136.3,333.58,54.75,193.25,38.01,46.83,168.17
2021-02-26,146.363,135.26,121.26,212.01,215.88,100,44.87,48.99,59.31,54.37,319.48,258.34,60.78,113.5977,158.46,147.17,206.14,69.2451,232.38,134.78,33.49,123.53,71.99,145.5,332.22,55.3,212.39,39.88,43.3067,189.04
2021-03-31,161.095,141.44,122.15,254.72,231.87,104.79,51.71,52.71,63.94,55.83,327,305.25,64,127.2852,164.35,152.23,224.14,73.5073,235.77,132.89,36.23,135.43,77.27,150.4,372.07,58.15,211.73,50.25,45.2767,184.52
2021-04-30,164.824,153.35,131.46,234.31,228.11,103.07,50.91,53.98,62.5,57.24,348.45,323.67,57.53,135.5187,162.73,153.81,236.08,71.0377,252.18,132.62,38.65,133.42,83.24,154.66,398.8,57.79,233.56,47.93,46.6367,186.02
2021-05-28,169.757,160.13,124.61,247.02,241.08,103.79,52.9,55.29,68.42,58.37,372.02,318.91,57.12,137.2953,169.25,164.24,233.89,72.3631,249.68,136.46,38.73,134.85,88.71,159.7,411.92,56.49,227.3,54.9,47.3433,178.65
2021-06-30,166.07,165.23,136.96,239.56,217.63,104.74,53,54.11,63.28,63.08,379.53,318.89,56.14,140.0175,164.74,155.54,230.99,77.77,270.9,154.49,39.16,134.93,85.31,149.71,400.44,56.03,233.82,53.1,47.0067,175.77
2021-07-30,165.493,170.53,145.86,226.48,206.75,101.81,55.37,57.03,62.16,57.57,374.88,328.19,53.72,134.6399,172.2,151.78,242.71,76.87,284.91,167.51,42.81,142.23,86.95,148.92,412.22,55.78,246.39,52.66,47.5167,176.02
2021-08-31,162.817,165.96,151.83,219.5,210.87,96.77,59.02,56.31,62.9,54.52,413.51,326.18,54.06,134.0477,173.13,159.95,237.46,76.29,301.88,164.74,46.07,142.39,84.76,159.71,416.27,55,229.1,52.61,49.3667,181.3
2021-09-30,146.664,167.53,141.5,219.94,191.97,101.45,54.43,52.47,57.56,58.82,378.03,328.26,53.28,132.7009,161.5,163.69,241.11,75.11,281.92,145.23,43.01,139.8,85.96,152.01,390.74,54.01,222.75,47.15,46.46,169.17
2021-10-29,149.39,173.78,149.8,207.03,204.01,114.49,55.97,56.37,55.97,64.47,413.35,371.74,49,119.491,162.88,169.89,245.55,88.05,331.62,167.29,43.74,142.99,88.86,160.88,460.47,52.99,211.77,50.75,49.8067,169.07
2021-11-30,142.166,152.3,165.3,197.85,193.35,112.87,54.84,52.45,54.93,59.84,380.99,400.61,49.2,117.1,155.93,158.83,244.6,74.91,330.59,169.24,53.73,144.58,80.92,146.95,444.22,50.27,193.77,47.05,46.8767,144.9
2021-12-31,148.512,163.6,177.57,201.32,206.74,117.35,63.37,59.21,56.72,61.19,382.55,415.01,51.5,133.66,171.07,158.35,268.07,76.64,336.32,166.67,59.05,163.58,86.06,156.43,502.14,51.96,216.71,47.02,48.23,154.89
2022-01-31,138.805,179.82,174.78,200.24,201.56,131.33,55.67,61.01,59.73,75.96,354.68,366.98,48.82,133.57,172.29,148.6,259.45,81.48,310.98,148.07,52.69,160.45,90.19,166.18,472.57,53.23,226.17,44.8,46.6033,142.97
2022-02-28,124.283,194.54,165.12,205.34,187.58,144,55.77,62.24,58.96,78.42,341.29,315.83,47.7,122.51,164.57,141.8,244.77,76.58,298.79,136.55,46.94,155.89,102.7,171.83,475.87,53.67,216.12,52.16,45.0533,148.46
2022-03-31,124.475,187,174.61,191.5,222.82,162.83,55.76,62,63.72,82.59,330.1,299.33,49.56,130.02,177.23,136.32,247.28,82.05,308.31,134.56,51.77,152.8,99.07,182.73,509.97,50.94,221.77,49.76,49.64,137.16
2022-04-29,120.579,174.71,157.65,148.84,210.54,156.67,48.98,64.61,66.5,85.25,305.49,300.4,43.59,132.21,180.46,119.36,249.16,88.69,277.52,124.7,49.07,160.55,94.91,171.06,508.55,46.3,213.13,46.09,50.9967,111.63
2022-05-31,124.818,168.82,148.84,131.4,215.85,174.66,45.05,63.38,67.98,96,326.85,302.75,44.42,138.84,179.53,132.23,252.21,92.03,271.87,118.85,53.04,147.88,95.12,179.04,496.78,51.29,212.17,44.77,42.8767,110.44
2022-06-30,108.196,138.62,136.72,136.72,178.76,144.78,42.64,62.91,51.61,85.64,297.02,274.27,37.41,141.19,177.51,112.61,246.88,91.17,256.83,102.2,52.43,143.79,96.11,169.13,513.63,50.75,196.89,42.4,40.5267,94.4
2022-07-29,119.759,154.02,162.51,159.31,198.25,163.78,45.37,64.17,53.21,96.93,333.39,300.94,36.31,130.79,174.52,115.36,263.37,89.34,280.74,114.92,50.51,138.91,93.21,158.7,542.34,46.19,212.11,43.83,44.0167,106.1
2022-08-31,103.966,152,157.22,160.25,184.71,158.06,44.72,61.71,51,95.59,332.67,288.42,31.92,128.45,161.34,113.73,252.28,85.36,261.47,106.45,45.23,137.94,89.75,161.64,519.33,41.81,198.71,37.9,44.1833,112.08
2022-09-30,92.386,134.91,138.2,121.08,164.08,143.67,40,56.02,43.93,87.31,293.05,275.94,25.77,118.81,163.36,104.5,230.74,86.12,232.9,83.12,43.76,126.25,81.86,153.2,505.04,37.97,177.65,39.62,43.2333,94.33
2022-10-31,105.17,148.45,153.34,142.51,216.46,180.9,45.43,59.85,46.74,110.81,344.51,296.13,28.43,138.29,173.97,125.88,272.66,101.2,232.13,92.68,46.55,134.67,94.82,184.46,555.15,37.37,207.16,35.06,47.4433,106.54
2022-11-30,105.32,157.59,148.03,178.88,236.41,183.31,49.72,63.61,50.97,111.34,386.15,323.99,30.07,148.9,178,138.18,272.79,110.12,255.14,109.69,50.13,149.16,98.72,189.81,547.76,38.98,217,31.4,50.8067,97.87
2022-12-30,100.262,147.75,129.93,190.49,239.56,179.49,47.64,63.61,50.39,110.3,343.38,315.86,26.43,140.89,176.65,134.1,263.53,110.95,239.82,117.01,51.24,151.56,100.92,187.49,530.18,39.4,207.76,36.5,47.2633,86.88
2023-01-31,96.216,174.93,144.29,213,252.29,174.02,48.67,61.32,59.35,116.01,365.81,324.17,28.26,134.73,163.42,139.96,267.4,107.41,247.81,127.33,44.16,142.38,99.85,191.12,499.19,41.57,230.21,41.5,47.9567,108.49
2023-02-28,90.079,173.99,147.41,201.55,239.55,160.77,48.42,59.51,57.2,109.91,351.65,296.54,24.93,129.3,153.26,143.35,263.91,106.24,249.42,118.79,40.57,137.56,98.09,185.12,475.94,38.81,219.94,37.36,47.3767,99.61
2023-03-31,87.88,164.95,164.9,212.43,228.84,163.16,52.275,62.03,54.82,109.66,327.11,295.12,32.67,131.09,155,130.31,279.61,106.39,288.3,122.64,40.8,148.69,97.93,171.41,472.59,38.89,225.46,36.86,49.15,100.13
2023-04-28,88.808,161.34,169.68,206.78,218.8,168.58,47.25,64.15,54.4,118.34,343.44,300.54,31.06,126.41,163.7,138.24,295.75,115.47,307.26,126.72,38.89,156.38,99.9,181.14,492.09,38.83,232.73,35.53,50.3233,102.5
2023-05-31,78.014,158.56,177.25,205.7,205.75,150.62,49.67,59.66,48.78,102.18,323.9,283.45,31.44,128.59,155.06,135.71,285.11,110.41,328.39,105.26,38.02,142.5,92.14,169.24,487.24,35.63,221.03,34.58,48.9567,87.96
2023-06-30,83.683,174.2,193.97,211.16,246.05,157.35,51.74,60.22,53.26,107.25,322.54,310.64,33.44,133.81,165.52,145.44,298.41,115.39,340.54,110.37,36.68,151.74,97.96,173.66,480.64,37.19,237.48,35.25,52.3933,89.28
2023-07-31,93.222,168.88,196.45,238.85,265.17,163.66,52.04,61.93,56.47,107.24,355.87,333.84,35.77,144.18,167.53,157.96,293.2,106.65,335.92,110.39,36.06,156.3,87.93,172.61,506.37,34.08,237.73,30.37,53.2867,88.89
2023-08-31,89.184,157.99,187.87,224.03,281.13,161.1,57.35,59.83,54.56,111.19,327.71,330.3,35.14,146.83,161.68,146.33,281.15,108.98,327.76,101.71,35.38,154.34,86.04,161.23,476.58,34.98,245.68,28.49,54.2033,83.68
2023-09-29,78.273,149.19,171.21,191.68,273,168.62,53.76,55.98,51.56,117.58,323.57,302.16,35.55,140.3,155.75,145.02,263.44,102.95,315.75,95.62,33.17,145.86,71.97,163.31,504.19,32.41,230.01,29.97,53.31,81.05
2023-10-31,76.041,146.03,170.77,186.82,226.05,145.73,52.13,56.49,48.34,105.85,303.61,284.69,36.5,144.64,148.34,139.06,262.17,102.7,338.11,102.77,30.56,150.03,81.39,167.44,535.56,35.13,235.1,25.31,54.47,81.59
2023-11-30,82.83,170.77,189.95,231.63,250.72,143.6,48.38,58.44,51.75,102.74,341.54,313.49,44.7,158.56,154.66,156.08,281.84,102.48,378.91,110.27,30.47,153.52,81.48,180.62,552.97,38.33,256.68,22.24,51.8967,92.69
2023-12-29,91.4,187.34,192.53,260.66,295.67,149.16,50.52,58.93,54.84,99.98,385.77,346.55,50.25,163.55,156.74,170.1,296.51,109.02,376.04,108.57,28.79,146.54,84.14,190.49,526.47,37.7,260.35,21.08,52.55,90.29
2024-01-31,78.884,200.74,184.4,211.04,300.31,147.43,50.18,59.49,53.6,102.81,384.01,352.96,43.08,183.66,158.9,174.36,292.72,120.78,397.58,101.53,27.08,157.14,91.12,211.36,511.74,42.35,273.26,19.94,55.0833,96.05
2024-02-29,77.019,219.42,180.75,203.72,333.96,152.01,48.37,60.02,55.88,104.52,389.05,380.61,43.05,185.03,161.38,186.06,292.28,127.15,413.64,103.93,26.56,158.94,89.67,220.96,493.6,40.02,282.64,26.11,58.61,111.58
2024-03-28,88.682,227.69,171.48,192.99,366.43,157.74,49.91,61.18,57.93,116.24,417.69,383.6,44.17,190.96,158.19,200.3,281.95,131.95,420.72,93.98,27.75,162.25,97.53,230.14,494.7,41.96,279.08,22.57,60.17,122.36
2024-04-30,96.51,234.03,170.33,167.84,334.57,161.27,46.98,61.77,56.9,118.27,426.71,334.22,30.47,166.2,144.59,191.74,273.04,129.22,389.33,92.26,25.62,163.2,101.52,212.16,483.7,39.49,268.61,21.26,59.35,111.1
2024-05-31,100.14,240,192.25,177.61,338.52,162.3,46.5,62.93,57.63,117.26,456.52,334.87,30.85,166.85,146.67,202.63,258.89,125.54,415.13,95.05,28.66,164.54,107.81,215.7,495.37,41.15,272.46,21.69,65.76,103.91
2024-06-28,102.19,231.55,210.62,182.01,333.1,156.42,47.51,63.65,53.05,115.12,452.32,344.24,30.97,172.95,146.16,202.26,254.84,123.8,446.95,75.37,27.98,164.92,100.39,203.34,509.26,41.24,262.47,17.73,67.71,99.29
2024-07-31,127.55,253.04,222.08,190.6,346.2,160.47,48.45,66.74,54.47,118.59,509.03,368.16,30.74,192.14,157.85,212.8,265.4,113.13,418.35,74.86,30.54,160.76,117.49,216.44,576.16,40.52,265.67,16.22,68.64,93.69
2024-08-30,134.69,258.65,229,173.74,356.1,147.95,50.54,72.47,53.58,117.94,510.25,368.5,22.04,202.13,165.86,224.8,288.66,118.45,417.14,83.32,29.01,171.54,123.34,228.07,590.2,41.78,276.37,12.095,77.23,90.38
2024-09-30,136.7,271.2,233,152.04,391.12,147.27,53.22,71.86,54.63,117.22,495.11,405.2,23.46,221.08,162.06,210.86,304.51,113.56,430.3,88.4,28.94,173.2,121.16,234.12,584.68,44.91,274.95,11.87,80.75,96.19
2024-10-31,128.47,270.08,225.91,149.31,376.2,148.82,54.77,65.31,49.38,116.78,517.79,393.75,21.52,206.72,159.86,221.92,292.11,102.32,406.35,77.13,28.3,165.18,120.99,245.94,564.5,42.13,289.85,9.25,81.95,96.2
2024-11-29,133.53,304.68,237.33,155.44,406.11,161.93,59.21,64.08,44.21,117.96,608.57,429.13,24.05,227.41,155.01,249.72,296.01,101.64,423.46,78.77,26.21,179.26,121.83,266.04,610.2,44.34,315.08,8.96,92.5,117.47
2024-12-31,129.09,296.79,250.42,177,362.76,144.84,59.2,62.26,40.13,107.57,572.62,388.99,20.05,219.83,144.62,239.71,289.89,99.48,421.5,75.67,26.53,167.65,115.72,240.89,505.86,39.99,316.04,9.46,90.35,111.35
2025-01-31,152.2,317.45,236,176.52,371.44,149.19,60.6,63.48,39.05,106.83,640.4,411.98,19.43,255.7,152.15,267.3,288.7,98.82,415.06,76.9,26.52,165.99,128.95,245.18,542.49,39.39,341.8,9.02,98.16,113.06
2025-02-28,155.12,300.96,241.84,174.63,343.95,158.62,64.11,71.21,38.11,111.33,622.29,396.6,23.73,252.44,165.02,264.65,308.33,92.25,396.99,79.43,26.43,173.84,132.99,258.49,474.96,43.1,362.71,9.33,98.61,113.8
2025-03-31,146.86,269.05,222.13,170.55,329.8,167.29,61.71,71.62,34.92,118.93,546.29,366.49,22.71,248.66,165.84,245.3,312.37,89.76,375.39,63.48,25.34,170.42,132.46,264.46,523.75,45.36,350.46,10.28,87.79,98.7
2025-04-30,138.91,266.41,212.5,183.24,309.27,136.06,57.73,72.55,30.59,105.63,547.55,360.49,20.1,241.82,156.31,244.62,319.65,85.2,395.26,56.4,24.41,162.57,126.13,264.13,411.44,44.06,345.5,10.68,97.25,90.95
2025-05-30,148.35,294.05,200.85,207.32,348.03,136.7,63.04,72.1,27.74,102.3,600.45,368.29,19.55,259.06,155.21,264,313.85,76.84,460.36,60.59,23.49,169.89,136.48,275.7,301.91,43.96,365.19,11.17,98.72,113.04
2025-06-30,152.24,318.98,205.17,209.53,388.21,143.19,69.38,70.75,26.48,107.8,707.75,366.64,22.4,294.78,152.75,289.91,292.17,79.16,497.41,71.04,24.24,159.32,146.02,267.54,311.97,43.27,355.05,10.97,97.78,124.01
2025-07-31,149.22,299.31,207.57,221.84,438.02,151.64,68.08,67.89,23.29,111.64,723.59,367.51,19.8,253.15,164.74,296.24,300.07,78.12,533.5,74.69,23.29,150.47,157.57,260.24,249.56,42.76,345.47,11.25,97.98,119.11
2025-08-29,155.53,331.28,232.14,234.68,419.04,160.6,69.09,68.99,24.63,114.29,745.25,406.77,24.35,243.49,177.17,301.42,313.54,84.12,506.69,77.37,24.76,157.04,158.6,271.51,309.87,44.23,351.78,11.48,96.98,118.38
2025-09-30,155.18,332.16,254.63,215.83,477.15,155.29,68.42,66.32,22.93,112.75,796.35,405.19,33.55,282.16,185.42,315.43,303.89,83.93,517.95,69.73,25.48,153.65,167.33,279.22,345.3,43.95,341.38,11.64,103.06,114.5
2025-10-31,166.5,360.73,270.37,201.02,577.26,157.72,73.11,68.9,23.85,114.36,789.37,379.59,39.99,307.41,188.87,311.12,298.43,85.98,517.81,64.59,24.65,150.37,178.5,268.62,341.56,39.74,340.74,11.98,101.18,112.62
