Date,AAPL,AXP,BA,CAT,CSCO,CVX,DIS,DOW,GS,HD,IBM,INTC,JNJ,JPM,KO,MCD,MMM,MRK,MSFT,NKE,PFE,PG,RTX,TRV,UNH,V,VZ,WMT,XOM
2025-01-02,242.75210571289062,295.2494201660156,171.8699951171875,354.4178771972656,57.61424255371094,141.77622985839844,110.34942626953125,37.34581756591797,566.2639770507812,381.462158203125,214.40042114257812,20.219999313354492,140.629638671875,235.0247802734375,60.489707946777344,287.55810546875,127.2966537475586,96.39376068115234,416.2925109863281,72.43865203857422,24.814529418945312,161.70765686035156,114.33683013916016,237.96221923828125,495.6947326660156,312.18267822265625,37.61990737915039,89.32839965820312,103.51100158691406
2025-01-03,242.26429748535156,300.5548400878906,169.89999389648438,358.37811279296875,57.77128601074219,142.8778839111328,110.68798828125,37.20417785644531,571.3458862304688,382.169189453125,217.0421600341797,20.559999465942383,140.79563903808594,238.2367706298828,60.40167236328125,289.7896728515625,127.4634780883789,96.36459350585938,421.0364685058594,72.08467102050781,24.79587745666504,160.87954711914062,114.1988525390625,239.34519958496094,504.0364074707031,312.6891174316406,37.666683197021484,90.10257720947266,104.04154205322266
2025-01-06,243.89691162109375,299.3648376464844,170.77999877929688,358.7820129394531,57.68294906616211,142.30770874023438,110.57845306396484,37.53466796875,574.5565795898438,382.35577392578125,217.0616455078125,19.8700008392334,140.2781219482422,237.0752716064453,59.48219680786133,287.23370361328125,127.87570190429688,96.92835998535156,425.5118713378906,70.79656219482422,25.07563591003418,156.4661407470703,112.45437622070312,238.94020080566406,504.6946716308594,310.832275390625,37.058555603027344,90.74773406982422,103.92578125
2025-01-07,241.11947631835938,299.5036926269531,172.50999450683594,357.5998229980469,57.83999252319336,144.55935668945312,110.91700744628906,37.213619232177734,571.3359985351562,377.308349609375,218.31918334960938,20.010000228881836,142.78761291503906,239.35890197753906,59.511539459228516,284.4417419433594,130.30975341796875,98.19196319580078,420.0617980957031,70.88505554199219,25.299442291259766,157.14813232421875,113.144287109375,238.74261474609375,505.2645568847656,309.471923828125,36.41299819946289,90.13235473632812,104.9000244140625
2025-01-08,241.60726928710938,300.3267822265625,171.75999450683594,355.69854736328125,58.10499572753906,145.24549865722656,109.29393005371094,36.75092315673828,571.237548828125,380.224853515625,217.55880737304688,19.8799991607666,138.9208526611328,239.3195343017578,60.362548828125,282.0430603027344,132.0371551513672,97.05471801757812,422.2398376464844,70.09842681884766,25.047658920288086,157.92755126953125,114.24812316894531,239.8193817138672,515.3551635742188,310.3953857421875,36.43170928955078,91.11497497558594,103.14446258544922
2025-01-10,235.7836151123047,290.8563232421875,172.0,345.77838134765625,57.653507232666016,147.989990234375,108.18864440917969,36.35433578491211,551.5206909179688,382.86639404296875,214.2152099609375,19.149999618530273,138.7157745361328,236.11061096191406,59.73651885986328,277.53076171875,128.77865600585938,96.47151947021484,416.6604919433594,70.00993347167969,24.917104721069336,154.47865295410156,113.44981384277344,229.60504150390625,511.592041015625,305.53985595703125,36.00133514404297,92.30601501464844,102.76826477050781
2025-01-13,233.34463500976562,294.5453186035156,170.57000732421875,357.1072692871094,57.673133850097656,150.12567138671875,107.62106323242188,37.459129333496094,554.426025390625,382.169189453125,211.9243927001953,19.200000762939453,141.0690460205078,240.38259887695312,60.30385971069336,278.8284606933594,132.10585021972656,98.1530990600586,414.9101257324219,70.87522888183594,24.991708755493164,154.75144958496094,116.04187774658203,230.4940948486328,531.6846923828125,304.7554626464844,36.29650115966797,90.84699249267578,105.42091369628906
2025-01-14,232.2296905517578,297.8575134277344,167.02000427246094,366.0423583984375,58.23259353637695,151.62353515625,107.66089630126953,37.846275329589844,562.8760986328125,385.7043151855469,212.2655792236328,19.200000762939453,141.3424530029297,243.5915069580078,60.685340881347656,276.8131408691406,134.66748046875,96.8603286743164,413.3984375,69.98043823242188,24.628021240234375,155.62828063964844,117.74693298339844,234.0503387451172,534.2392578125,306.9101257324219,36.4488525390625,90.11251068115234,105.835693359375
2025-01-15,236.79901123046875,309.7178955078125,166.1999969482422,369.3129577636719,58.870567321777344,153.00546264648438,107.72063446044922,38.14844512939453,596.745361328125,398.7745666503906,214.4881591796875,19.719999313354492,141.55726623535156,248.39503479003906,60.421234130859375,277.52093505859375,135.2269287109375,97.28800201416016,423.9802551269531,69.88211059570312,24.450841903686523,155.54058837890625,117.37240600585938,237.0632781982422,533.9248657226562,314.0494384765625,36.353633880615234,90.65840148925781,107.56232452392578
2025-01-16,227.23228454589844,308.8848876953125,168.92999267578125,374.88873291015625,58.71352767944336,154.0201416015625,106.00794219970703,38.592247009277344,603.7083129882812,401.9561767578125,217.0519256591797,19.670000076293945,144.29136657714844,250.28494262695312,60.8907585144043,275.0042724609375,136.6009521484375,97.88092041015625,422.25970458984375,69.92144012451172,24.702625274658203,156.36871337890625,118.72264862060547,239.42422485351562,501.66851806640625,315.0125732421875,36.505977630615234,90.61870574951172,107.3790512084961
2025-01-17,228.9445343017578,309.95587158203125,171.08999633789062,380.2773742675781,59.11594009399414,156.03985595703125,106.56555938720703,38.75278091430664,616.4622802734375,402.00531005859375,219.12826538085938,21.489999771118164,143.56878662109375,255.09832763671875,61.3407096862793,276.1938171386719,138.41668701171875,95.17875671386719,426.6853942871094,69.65595245361328,24.52544593811035,156.9824981689453,119.36328125,236.60887145996094,500.8529968261719,317.3658447265625,36.924930572509766,91.25393676757812,108.34364318847656
2025-01-21,221.63758850097656,315.30096435546875,175.55999755859375,393.8724670410156,59.901145935058594,152.91848754882812,108.2384262084961,39.2626838684082,625.1289672851562,410.8922424316406,218.6116180419922,21.770000457763672,144.66241455078125,258.90765380859375,61.057037353515625,277.82568359375,144.16810607910156,93.54578399658203,426.1583251953125,71.94700622558594,24.84250259399414,157.55731201171875,123.93635559082031,236.25326538085938,515.81689453125,321.3476257324219,37.15345764160156,92.38542938232422,107.52373504638672
2025-01-22,222.8222198486328,319.56512451171875,174.8000030517578,393.13092041015625,60.490047454833984,151.15000915527344,108.34796142578125,38.54503631591797,623.1493530273438,402.71234130859375,217.6367950439453,21.860000610351562,141.8502197265625,258.7206115722656,60.43101501464844,276.5870361328125,146.35679626464844,93.00146484375,443.7615966796875,72.80247497558594,24.255014419555664,160.49957275390625,122.58610534667969,243.72137451171875,510.638916015625,321.2781066894531,37.0868034362793,92.53430938720703,105.65242004394531
2025-01-23,222.6529998779297,323.1549987792969,178.5,401.8219299316406,61.078948974609375,150.76345825195312,110.56848907470703,39.158809661865234,629.8169555664062,406.925048828125,220.34677124023438,21.56999969482422,143.18795776367188,261.78192138671875,60.18647384643555,279.6148681640625,146.8573455810547,93.92485809326172,444.2687683105469,73.04829406738281,24.65599822998047,161.87327575683594,124.46857452392578,238.57467651367188,520.513427734375,325.8952941894531,37.30580139160156,93.10997772216797,106.2504653930664
2025-01-24,221.77696228027344,318.6627502441406,176.05999755859375,403.0380859375,61.078948974609375,150.4155731201172,111.6837387084961,39.06438446044922,627.2562866210938,407.03302001953125,219.13803100585938,20.829999923706055,143.3637237548828,260.68927001953125,60.56795883178711,280.62744140625,146.66102600097656,92.87510681152344,441.6332702636719,72.34032440185547,24.731834411621094,160.87054443359375,123.50269317626953,238.92044067382812,523.2055053710938,327.8713073730469,37.64857864379883,94.05289459228516,104.81321716308594
2025-01-27,228.82508850097656,313.78375244140625,175.16000366210938,390.5306091308594,57.987220764160156,151.94244384765625,112.85871887207031,39.58373260498047,623.691162109375,417.21624755859375,218.48489379882812,20.290000915527344,149.2908172607422,261.6834716796875,62.475379943847656,288.1282958984375,148.71231079101562,95.19820404052734,432.1851806640625,74.31672668457031,25.461750030517578,166.3008575439453,123.24645233154297,247.95921325683594,534.0231323242188,332.1806335449219,38.69595718383789,96.67318725585938,106.2697525024414
2025-01-28,237.187255859375,314.3985595703125,177.77999877929688,385.8934020996094,58.33074188232422,150.9567413330078,111.663818359375,39.11159896850586,628.1426391601562,411.2850341796875,219.9763641357422,19.799999237060547,146.8399200439453,262.9532470703125,60.99835205078125,286.2211608886719,148.5945281982422,94.72190856933594,444.7561340332031,73.14661407470703,25.35747718811035,162.89955139160156,126.49886322021484,245.41058349609375,533.001220703125,332.12109375,38.46744155883789,96.56400299072266,104.21515655517578
2025-01-29,238.28228759765625,312.6234436035156,173.66000366210938,388.8003234863281,58.44852066040039,150.45423889160156,112.70936584472656,38.7622184753418,627.72900390625,405.9725341796875,222.87155151367188,19.75,147.591796875,262.4019775390625,61.458091735839844,285.19873046875,148.73194885253906,95.52867889404297,439.9127197265625,75.30001831054688,25.23424530029297,162.9387664794922,123.3252944946289,246.48733520507812,528.6978149414062,333.51123046875,38.35317611694336,96.77244567871094,104.82286071777344
2025-01-30,236.520263671875,316.29266357421875,179.52999877929688,370.7558898925781,59.351505279541016,151.06304931640625,112.9483413696289,36.401546478271484,635.9230346679688,407.03302001953125,251.76499938964844,20.010000228881836,149.27130126953125,264.0261535644531,62.65145492553711,285.4051818847656,151.53892517089844,96.17992401123047,412.7221374511719,77.02076721191406,25.5091495513916,164.09539794921875,127.11975860595703,246.0625457763672,536.0372924804688,340.630615234375,37.58192825317383,97.91385650634766,105.69100189208984
2025-01-31,234.93743896484375,314.80517578125,176.52000427246094,367.2557678222656,59.47909927368164,144.17282104492188,112.57991027832031,36.87368392944336,630.7033081054688,404.5584411621094,249.25973510742188,19.43000030517578,148.5682373046875,263.1107177734375,62.09389877319336,283.8125915527344,149.37969970703125,96.05355834960938,412.791748046875,75.61466217041016,25.139450073242188,162.70352172851562,127.09019470214844,242.2000732421875,533.0111083984375,339.38946533203125,37.50575256347656,97.42752075195312,103.0479965209961
2025-02-03,226.98341369628906,313.8927917480469,175.8699951171875,357.4771423339844,59.91096115112305,144.31777954101562,113.51592254638672,35.2967529296875,622.7948608398438,401.39642333984375,254.16307067871094,19.3799991607666,148.2948455810547,262.6283874511719,61.966732025146484,285.1397399902344,147.25973510742188,96.99640655517578,408.6744079589844,75.3098373413086,24.836109161376953,165.4186553955078,128.04620361328125,241.62713623046875,538.6016845703125,343.381103515625,38.06753158569336,98.79722595214844,103.29878997802734
2025-02-04,231.75186157226562,313.1986389160156,176.22999572753906,357.8726501464844,60.205413818359375,148.06729125976562,112.81890106201172,36.401546478271484,624.5775146484375,404.0772705078125,257.799072265625,19.290000915527344,149.876708984375,263.7406921386719,61.30158233642578,284.8644714355469,148.86932373046875,88.19976043701172,410.116455078125,75.43767547607422,24.52328872680664,164.8011474609375,126.51856231689453,241.09368896484375,535.91943359375,342.7158203125,37.90566635131836,100.01803588867188,106.06719207763672
2025-02-05,231.42332458496094,317.8594665527344,181.83999633789062,354.8075866699219,61.412662506103516,147.84503173828125,110.07061767578125,35.83498764038086,635.6768188476562,406.36529541015625,256.6683349609375,19.649999618530273,151.0484619140625,266.1916809082031,61.741756439208984,283.9403991699219,149.6250762939453,87.15970611572266,411.03143310546875,73.3236083984375,25.063613891601562,165.66371154785156,127.29718017578125,243.3459930419922,530.3779296875,346.9755554199219,38.210357666015625,101.69542694091797,105.99002838134766
2025-02-06,232.16995239257812,317.482666015625,184.8000030517578,361.3332214355469,61.11821365356445,146.79168701171875,111.61402893066406,36.60928726196289,648.25341796875,406.6991882324219,247.05665588378906,19.3799991607666,149.89622497558594,272.56024169921875,61.97651672363281,289.37677001953125,149.4974822998047,85.5850601196289,413.547607421875,70.54090881347656,24.485366821289062,165.5363006591797,126.92265319824219,244.63018798828125,520.7786865234375,345.0293884277344,38.029441833496094,102.08251953125,104.59135437011719
2025-02-07,226.60513305664062,314.13079833984375,181.49000549316406,359.7809143066406,61.11821365356445,147.48745727539062,110.3892593383789,36.42987823486328,645.9686279296875,400.0314636230469,245.984375,19.100000381469727,149.51539611816406,271.4775085449219,62.44603729248047,289.3177795410156,147.0928955078125,84.83661651611328,407.5107727050781,67.53205871582031,24.400054931640625,164.64431762695312,126.10462188720703,242.2099609375,517.8213500976562,345.5655517578125,37.97231674194336,100.39520263671875,105.03507232666016
2025-02-10,226.8741912841797,307.675048828125,180.5500030517578,359.12835693359375,61.648223876953125,150.53152465820312,108.81596374511719,36.420433044433594,640.679931640625,406.5321960449219,244.6105499267578,19.770000457763672,150.60906982421875,266.7921142578125,63.140533447265625,303.1987609863281,146.91622924804688,83.98126220703125,409.9672546386719,69.75428771972656,24.52328872680664,164.21302795410156,126.4002914428711,239.47361755371094,524.0504760742188,348.7529602050781,38.03896713256836,102.1520004272461,107.04143524169922
2025-02-11,231.82725524902344,306.9908142089844,180.44000244140625,358.14947509765625,61.27525329589844,152.1453857421875,108.55706787109375,36.47709274291992,637.439697265625,408.8594970703125,249.9390411376953,20.969999313354492,152.45455932617188,270.68017578125,66.12393188476562,304.95843505859375,147.2891845703125,84.1173324584961,409.1915283203125,70.14759063720703,24.200986862182617,166.0753936767578,127.24788665771484,239.4044952392578,524.5908203125,348.83251953125,38.55313491821289,101.70535278320312,107.71665954589844
2025-02-12,236.06277465820312,303.8471984863281,186.25,348.0743103027344,61.3734016418457,149.6907958984375,108.76618194580078,36.127708435058594,639.173095703125,399.8056335449219,251.02828979492188,22.479999542236328,151.60504150390625,271.1330261230469,67.2096939086914,302.39263916015625,146.11141967773438,83.27168273925781,406.80462646484375,71.0522232055664,24.14410972595215,166.22244262695312,124.95149230957031,237.7350311279297,518.184814453125,349.5983581542969,38.59122085571289,102.83684539794922,104.4758071899414
2025-02-13,240.70689392089844,304.9380798339844,185.44000244140625,349.7156066894531,62.65917205810547,150.63784790039062,109.12464141845703,36.20325469970703,639.1238403320312,405.0003356933594,254.34512329101562,24.1299991607666,153.54818725585938,271.9893798828125,67.98245239257812,304.77166748046875,145.9641876220703,82.05667877197266,408.29644775390625,71.98633575439453,24.305259704589844,167.63392639160156,124.02505493164062,240.0564422607422,521.898681640625,353.7160949707031,39.07682418823242,104.26609802246094,105.23493194580078
2025-02-14,243.7664337158203,308.4485778808594,184.4199981689453,349.3398742675781,63.67012023925781,151.78103637695312,109.91129302978516,36.51485824584961,650.5481567382812,402.12310791015625,256.39605712890625,23.600000381469727,152.47409057617188,272.255126953125,67.36620330810547,303.3265380859375,146.58555603027344,80.68616485595703,406.1979675292969,71.81918334960938,24.200986862182617,159.66490173339844,120.64453125,235.40370178222656,514.36279296875,351.9058837890625,39.02921676635742,103.26364135742188,105.34198760986328
2025-02-18,243.6368865966797,310.24346923828125,184.97000122070312,350.01220703125,63.39529800415039,152.58224487304688,109.09477233886719,37.50634002685547,662.011962890625,396.04461669921875,258.152587890625,27.389999389648438,152.55284118652344,275.5625,67.54228210449219,299.6695251464844,146.9505157470703,80.95831298828125,407.4013671875,76.29312896728516,24.22942352294922,162.15460205078125,121.97505187988281,235.50247192382812,491.9808044433594,354.8101806640625,39.22917175292969,103.00557708740234,107.19111633300781
2025-02-19,244.03550720214844,307.337890625,186.14999389648438,349.0234375,63.640663146972656,153.6277313232422,110.8771743774414,36.75092315673828,658.033203125,388.3065490722656,259.3792419433594,25.719999313354492,155.4072265625,274.8734436035156,68.54000091552734,296.8284606933594,148.14393615722656,83.20364379882812,412.5032958984375,75.49666595458984,24.542245864868164,163.193603515625,123.60125732421875,239.4044952392578,502.11065673828125,353.3182373046875,40.000423431396484,103.22393798828125,107.34683227539062
2025-02-20,244.9922637939453,301.3283386230469,180.8800048828125,345.21685791015625,63.47381591796875,155.15199279785156,110.08057403564453,37.38358688354492,632.53515625,387.53082275390625,259.7913513183594,26.09000015258789,157.1690673828125,262.6185607910156,68.51065826416016,297.919677734375,147.03927612304688,85.22542572021484,414.6857604980469,75.93915557861328,24.551725387573242,163.8993682861328,123.30558013916016,238.3079833984375,493.6412658691406,348.6037292480469,40.45746612548828,96.48460388183594,109.00131225585938
2025-02-21,244.71319580078125,292.9388427734375,177.14999389648438,336.20947265625,62.79658126831055,153.32484436035156,108.19860076904297,37.30804443359375,616.1273193359375,378.35906982421875,256.5923156738281,24.8700008392334,159.7478790283203,260.09869384765625,69.79204559326172,299.6498718261719,142.99539184570312,86.99446868896484,406.793212890625,75.22135162353516,24.9309024810791,166.85955810546875,122.1268081665039,237.1126708984375,458.2702941894531,346.6543273925781,40.71454620361328,94.0727310180664,107.72638702392578
2025-02-24,246.25791931152344,293.0677490234375,179.91000366210938,335.1020812988281,62.07027053833008,154.27261352539062,110.7278060913086,36.87368392944336,616.6592407226562,375.53094482421875,256.9750061035156,24.270000457763672,161.1652374267578,257.2441101074219,69.04863739013672,302.3631896972656,143.48854064941406,88.71492004394531,402.59783935546875,78.93816375732422,25.26268196105957,167.16342163085938,124.24662780761719,245.22288513183594,453.4559020996094,347.9771423339844,41.24776077270508,92.97101593017578,108.29085540771484
2025-02-25,246.1981201171875,290.89599609375,178.27000427246094,338.5033264160156,63.081214904785156,152.83628845214844,110.06065368652344,37.04365158081055,605.5992431640625,386.20513916015625,252.93203735351562,22.989999771118164,163.478271484375,253.36587524414062,69.92899322509766,305.4598083496094,144.5340576171875,88.87043762207031,396.51898193359375,80.3541030883789,25.34799575805664,169.2316436767578,126.13860321044922,249.4409942626953,462.1611022949219,350.1951599121094,41.61909866333008,96.96102905273438,106.7920913696289
2025-02-26,239.5408935546875,293.6330261230469,173.0399932861328,338.7208557128906,62.89473342895508,151.5856170654297,111.35514068603516,36.68482971191406,608.4159545898438,383.44573974609375,251.0577392578125,23.520000457763672,160.515625,254.73411560058594,69.25406646728516,299.1190490722656,145.41184997558594,86.87782287597656,398.3426513671875,79.81329345703125,25.044654846191406,167.9083709716797,126.10888671875,245.8254852294922,455.4897155761719,348.7430114746094,41.11445617675781,95.48214721679688,106.52931213378906
2025-02-27,236.49131774902344,291.7488708496094,173.8300018310547,336.1698913574219,62.62972640991211,153.08056640625,110.83734130859375,36.28823471069336,598.7938232421875,383.239501953125,248.49652099609375,23.09000015258789,161.15538024902344,254.99002075195312,69.3225326538086,304.702880859375,148.45956420898438,88.04423522949219,391.16766357421875,78.68251037597656,24.74131202697754,168.56512451171875,129.28860473632812,251.6932830810547,460.3728942871094,353.82550048828125,41.20014953613281,96.06774139404297,107.20084381103516
2025-02-28,241.01583862304688,298.4525146484375,174.6300048828125,340.075439453125,62.92417907714844,154.9858856201172,113.3167724609375,36.653717041015625,615.906494140625,389.45550537109375,247.72128295898438,23.729999542236328,162.42510986328125,260.5022277832031,69.65511322021484,303.11029052734375,152.99659729003906,89.66748046875,395.6121520996094,78.10237884521484,25.054134368896484,170.39808654785156,131.73529052734375,255.3483123779297,466.6610412597656,360.75799560546875,41.03828048706055,97.87416076660156,108.34925842285156
2025-03-03,237.21881103515625,293.0281066894531,170.05999755859375,328.2995910644531,62.30583190917969,149.58258056640625,112.3110580444336,34.68205261230469,599.0512084960938,382.66998291015625,245.5133514404297,22.739999771118164,164.64956665039062,256.535400390625,70.7408676147461,300.8658447265625,151.3198699951172,90.54228973388672,387.14166259765625,77.48965454101562,24.88350486755371,172.1134490966797,132.56736755371094,257.66973876953125,458.8892822265625,359.8727722167969,41.771446228027344,96.86176300048828,104.87483978271484
2025-03-04,235.1259765625,281.1082458496094,158.89999389648438,323.0691833496094,62.08989715576172,148.51756286621094,108.54711151123047,34.25886535644531,575.1786499023438,374.80426025390625,248.47691345214844,21.329999923706055,162.81881713867188,246.32794189453125,68.65738677978516,302.32916259765625,143.8633575439453,89.96879577636719,387.26123046875,76.4124526977539,24.409534454345703,169.7511444091797,127.48576354980469,252.59222412109375,466.3171691894531,350.3343811035156,40.81928634643555,94.26131439208984,104.66072082519531
2025-03-05,234.93663024902344,281.8123474121094,163.16000366210938,334.6769104003906,62.77695083618164,147.35482788085938,108.84583282470703,36.33632278442383,586.9862670898438,379.3901672363281,246.6516876220703,20.809999465942383,162.52352905273438,247.58787536621094,68.54978942871094,303.9902648925781,145.5894012451172,90.58116912841797,399.628173828125,76.89669799804688,24.589641571044922,171.15284729003906,128.41690063476562,254.89390563964844,467.66326904296875,350.781982421875,40.79072189331055,95.26378631591797,102.61695098876953
2025-03-06,234.5280303955078,273.343505859375,158.42999267578125,337.16851806640625,62.237125396728516,149.44580078125,104.98231506347656,36.00931930541992,561.8468017578125,374.8533935546875,244.04139709472656,20.75,163.2223663330078,242.6760711669922,68.9214859008789,306.8774108886719,144.92857360839844,91.36849212646484,395.5125427246094,76.79786682128906,24.874025344848633,171.2018585205078,127.06973266601562,252.9083251953125,479.1981201171875,342.3078308105469,42.114227294921875,93.93378448486328,104.73858642578125
2025-03-07,238.2552947998047,270.9337158203125,154.17999267578125,346.3538818359375,62.757320404052734,152.75811767578125,105.06197357177734,36.01893615722656,553.9288330078125,370.0121765136719,256.6512145996094,20.639999389648438,164.06886291503906,238.48284912109375,69.87030029296875,317.6745300292969,144.29733276367188,92.00029754638672,391.9449462890625,77.66754150390625,25.338516235351562,172.46630859375,127.18859100341797,254.56793212890625,484.8574523925781,343.46160888671875,43.856689453125,91.03557586669922,106.1010971069336
2025-03-10,226.70477294921875,259.1427917480469,148.14999389648438,341.3211975097656,60.9120979309082,153.95994567871094,102.64229583740234,35.970848083496094,526.2061157226562,367.90093994140625,252.09791564941406,19.93000030517578,165.06295776367188,228.58053588867188,69.8898696899414,313.67999267578125,145.59925842285156,92.5640640258789,378.8406066894531,75.50325012207031,25.253202438354492,172.77015686035156,127.3074722290039,254.52822875976562,473.8456115722656,339.64227294921875,44.26612091064453,87.16468048095703,108.80667877197266
2025-03-11,220.08740234375,253.26220703125,154.05999755859375,335.9425048828125,59.54780197143555,150.54991149902344,97.48429107666016,35.26873779296875,525.978515625,361.52783203125,244.29652404785156,19.780000686645508,163.25189208984375,225.54879760742188,69.48882293701172,303.30804443359375,145.52035522460938,92.07805633544922,379.12957763671875,73.2994155883789,24.63703727722168,169.6923370361328,126.90133666992188,252.494873046875,479.5883483886719,330.3525390625,41.352500915527344,86.78750610351562,106.23735809326172
2025-03-12,216.2405548095703,258.57757568359375,158.8000030517578,334.32098388671875,59.34169006347656,149.17221069335938,98.34063720703125,34.3838996887207,530.2146606445312,358.15960693359375,244.96383666992188,20.68000030517578,160.2892303466797,224.32821655273438,68.41284942626953,296.0308532714844,148.1833953857422,90.73668670654297,381.9397888183594,72.71634674072266,24.37161636352539,165.03639221191406,126.75275421142578,249.94573974609375,474.7237548828125,331.04876708984375,40.55268096923828,84.56422424316406,106.2081527709961
2025-03-13,208.96542358398438,254.2935333251953,159.32000732421875,329.5552673339844,58.56630325317383,150.09066772460938,96.45866394042969,34.84555435180664,519.4264526367188,343.15850830078125,241.20541381835938,23.700000762939453,160.4270477294922,221.6606903076172,68.09982299804688,294.1522521972656,144.10006713867188,92.05862426757812,377.45538330078125,71.7873764038086,24.267343521118164,165.25204467773438,127.98104858398438,253.86367797851562,475.1283264160156,326.78179931640625,41.61909866333008,83.86944580078125,105.76046752929688
2025-03-14,212.762451171875,263.4169006347656,161.80999755859375,335.8139953613281,59.38094711303711,153.42254638671875,98.22114562988281,35.557281494140625,535.8561401367188,347.170654296875,243.70773315429688,24.049999237060547,160.24986267089844,228.7970733642578,68.14910125732422,296.4560241699219,148.35108947753906,91.92253875732422,387.21142578125,70.81888580322266,24.381093978881836,164.64431762695312,128.76361083984375,258.7933654785156,482.1636962890625,330.01434326171875,41.485801696777344,84.71309661865234,108.90399169921875
2025-03-17,213.27072143554688,262.17730712890625,161.85000610351562,338.7801818847656,59.763736724853516,155.08360290527344,98.9380874633789,36.07664108276367,545.6843872070312,349.9574279785156,248.24139404296875,25.690000534057617,160.27938842773438,230.26370239257812,69.0950698852539,300.5494384765625,151.1127471923828,92.9323501586914,387.3509521484375,72.8349380493164,24.69391632080078,166.39886474609375,130.80416870117188,262.9791259765625,492.39605712890625,332.7495422363281,41.56197738647461,86.80735778808594,110.71419525146484
2025-03-18,211.96519470214844,260.5311584472656,161.57000732421875,332.9169921875,59.18465042114258,157.12571716308594,98.92813110351562,36.172821044921875,546.1198120117188,345.451171875,242.33392333984375,25.920000076293945,161.66722106933594,231.28741455078125,68.36588287353516,300.18359375,148.85409545898438,92.86372375488281,382.18890380859375,72.44951629638672,24.94038200378418,164.3894500732422,131.43812561035156,258.3866882324219,497.11260986328125,332.9683532714844,42.114227294921875,84.95130920410156,110.59740447998047
2025-03-19,214.50648498535156,268.39508056640625,172.6199951171875,334.8054504394531,59.989479064941406,160.29148864746094,99.86414337158203,35.76886749267578,551.622802734375,349.25579833984375,247.57408142089844,24.1200008392334,160.4270477294922,235.36253356933594,68.26734161376953,303.46624755859375,151.1127471923828,92.17743682861328,386.4740295410156,72.13327026367188,24.8455867767334,165.23245239257812,134.04331970214844,259.2000427246094,496.52056884765625,338.0408935546875,41.83810043334961,85.68579864501953,112.32002258300781
2025-03-20,213.37039184570312,268.5735778808594,172.8300018310547,332.462158203125,59.49872970581055,160.9949951171875,98.4402084350586,35.21103286743164,556.907958984375,351.3310241699219,238.7717742919922,23.959999084472656,160.45655822753906,235.2640838623047,68.69105529785156,303.5453186035156,149.19931030273438,92.87352752685547,385.49737548828125,71.01653289794922,24.826629638671875,164.23263549804688,133.20132446289062,257.4344787597656,504.5130310058594,337.6728820800781,41.65719223022461,85.16967010498047,112.7968978881836
2025-03-21,217.52618408203125,268.2562255859375,178.11000061035156,331.9974365234375,59.18465042114258,160.97544860839844,99.03766632080078,34.787845611572266,559.3427734375,347.0125427246094,239.3114776611328,24.260000228881836,161.05697631835938,237.84303283691406,67.666259765625,302.0028991699219,148.3017578125,91.2852783203125,389.9020690917969,67.14254760742188,24.911943435668945,163.38966369628906,131.1211395263672,254.61752319335938,509.9893493652344,333.8536071777344,41.885711669921875,85.57275390625,112.40760040283203
2025-03-24,219.977783203125,275.54498291015625,180.89999389648438,337.82110595703125,59.84225845336914,161.23927307128906,99.75460815429688,34.903263092041016,574.1492919921875,359.48382568359375,243.80587768554688,24.219999313354492,160.72230529785156,244.17227172851562,67.94216918945312,302.23028564453125,151.0535430908203,90.50094604492188,391.7157287597656,66.5989990234375,24.77923011779785,162.3702392578125,133.41925048828125,257.3352966308594,509.64404296875,342.0193786621094,41.476280212402344,87.07559967041016,112.69957733154297
2025-03-25,222.9875030517578,276.9531555175781,182.58999633789062,338.7604064941406,59.86188507080078,162.13818359375,101.17853546142578,33.9703254699707,579.9293823242188,356.7366027832031,245.22877502441406,24.200000762939453,158.48800659179688,247.1941680908203,67.80420684814453,303.46624755859375,151.39878845214844,86.14796447753906,393.7885437011719,65.75897979736328,24.219942092895508,159.6256866455078,134.38011169433594,257.34521484375,506.61474609375,342.7653503417969,41.40962600708008,84.35853576660156,113.46841430664062
2025-03-26,220.77505493164062,273.7004699707031,178.5500030517578,337.26739501953125,60.65690231323242,164.12167358398438,100.35205841064453,34.220394134521484,568.03271484375,357.8631591796875,245.66053771972656,23.420000076293945,159.177001953125,247.09571838378906,68.99652099609375,310.05126953125,150.58998107910156,86.38326263427734,388.6165466308594,64.96836853027344,23.89764404296875,163.28184509277344,133.06265258789062,260.1324157714844,511.3214416503906,342.3277282714844,42.06662368774414,84.80640411376953,115.10343933105469
2025-03-27,223.087158203125,269.753662109375,179.11000061035156,335.4778137207031,60.264305114746094,162.8319091796875,100.0234603881836,33.89338684082031,553.1865234375,358.45611572265625,241.6077423095703,23.6200008392334,160.56483459472656,244.23130798339844,69.70600128173828,309.1712951660156,146.40805053710938,85.88325500488281,389.2243957519531,65.02767181396484,23.70805549621582,165.36965942382812,132.171142578125,260.5489807128906,508.8743591308594,347.9771423339844,42.80931091308594,85.22441101074219,114.73361206054688
2025-03-28,217.1574249267578,263.26812744140625,173.30999755859375,325.9760437011719,59.734291076660156,162.2847442626953,97.653564453125,33.04701232910156,537.5486450195312,353.9300537109375,239.43905639648438,22.709999084472656,161.13571166992188,239.04393005371094,69.34141540527344,303.6343078613281,142.85731506347656,87.48131561279297,377.48529052734375,62.5471305847168,23.89764404296875,164.703125,130.47726440429688,259.6662292480469,509.1900939941406,341.0048828125,42.78074645996094,84.74668884277344,114.5779037475586
2025-03-31,221.37301635742188,266.8083801269531,170.5500030517578,326.0848083496094,60.568565368652344,163.45726013183594,98.28089141845703,33.58561325073242,540.6860961914062,362.1717834472656,244.011962890625,22.709999084472656,163.2322235107422,241.45553588867188,70.5731430053711,308.8548889160156,144.8496551513672,88.00092315673828,374.087158203125,62.73489761352539,24.020875930786133,167.04580688476562,131.21031188964844,262.3145446777344,516.7977905273438,348.57391357421875,43.19017791748047,87.37418365478516,115.74576568603516
2025-04-01,222.42941284179688,268.22650146484375,168.1699981689453,326.8461608886719,60.65690231323242,164.64930725097656,97.26522064208984,33.28746032714844,542.823974609375,361.21319580078125,245.66053771972656,22.049999237060547,150.84019470214844,239.8412322998047,70.81948852539062,310.1007385253906,145.64857482910156,85.41266632080078,380.8635559082031,63.999874114990234,23.262523651123047,167.18301391601562,131.59661865234375,262.3938903808594,516.1761474609375,344.4860534667969,43.2092170715332,88.40925598144531,115.85282897949219
2025-04-02,223.1270294189453,272.95672607421875,168.55999755859375,330.89007568359375,60.67653274536133,162.65603637695312,97.46437072753906,33.556758880615234,557.3236694335938,366.51995849609375,245.30726623535156,21.979999542236328,152.91700744628906,241.96737670898438,70.2873764038086,308.0737609863281,145.73733520507812,84.90284729003906,380.813720703125,64.19752502441406,23.414194107055664,166.14402770996094,131.89378356933594,262.34429931640625,516.255126953125,344.4661560058594,42.59983444213867,89.33484649658203,115.49273681640625
2025-04-03,202.49754333496094,245.75527954101562,150.91000366210938,302.3156433105469,56.62550354003906,152.5431671142578,88.46275329589844,30.257827758789062,505.98577880859375,351.7164611816406,238.9385986328125,22.43000030517578,157.306884765625,225.10585021972656,72.11033630371094,314.6885070800781,137.82713317871094,84.69696807861328,371.8150329589844,54.92762756347656,23.025537490844727,168.97679138183594,129.00132751464844,260.965576171875,533.2662353515625,337.5635070800781,43.43773651123047,86.84669494628906,109.4197998046875
2025-04-04,187.738037109375,232.50238037109375,136.58999633789062,284.83477783203125,53.888587951660156,139.99734497070312,83.17530822753906,27.12240219116211,465.98040771484375,349.7301025390625,223.2278594970703,19.850000381469727,150.83035278320312,208.25930786132812,68.90784454345703,296.73284912109375,125.17276000976562,79.8733901977539,358.59112548828125,56.57802200317383,21.77425193786621,160.5078582763672,116.34191131591797,240.29464721679688,518.08056640625,311.44482421875,40.97163009643555,82.79596710205078,101.54640197753906
2025-04-07,180.84161376953125,233.099365234375,138.86000061035156,276.9051513671875,53.76013946533203,136.9390411376953,82.9462890625,26.468387603759766,460.73480224609375,337.48614501953125,221.5596160888672,19.56999969482422,148.2515411376953,212.37933349609375,67.37064361572266,296.515380859375,126.79031372070312,79.58907318115234,356.61798095703125,54.957271575927734,21.45195198059082,157.0575408935547,116.213134765625,231.93304443359375,517.7351684570312,310.6391906738281,40.54315948486328,83.43293762207031,100.18388366699219
2025-04-08,171.8323974609375,230.22393798828125,139.38999938964844,270.8540954589844,52.554710388183594,133.79281616210938,81.37299346923828,24.82373046875,457.478515625,331.2900085449219,216.89842224121094,18.1299991607666,147.64129638671875,214.7859649658203,67.41991424560547,296.4560241699219,125.41934204101562,77.40277099609375,353.3294372558594,52.644737243652344,20.703075408935547,155.25399780273438,119.32351684570312,234.61114501953125,545.7384643554688,306.6109619140625,40.152767181396484,81.40260314941406,98.07199096679688
2025-04-09,198.17234802246094,261.037841796875,160.82000732421875,297.619140625,57.43571090698242,142.684326171875,91.05171966552734,28.718971252441406,511.56793212890625,351.2026062011719,230.91148376464844,21.530000686645508,148.59605407714844,232.0880889892578,68.92754364013672,300.53955078125,136.42657470703125,80.30477142333984,389.13470458984375,58.623722076416016,21.319238662719727,159.10618591308594,127.21830749511719,246.08729553222656,570.8209838867188,330.6409606933594,40.83832931518555,89.17560577392578,102.96731567382812
2025-04-10,189.7710723876953,245.6458282470703,155.52000427246094,285.90264892578125,55.91410446166992,131.8874969482422,84.86809539794922,26.247177124023438,484.77557373046875,349.45343017578125,225.25917053222656,19.8799991607666,146.35189819335938,224.9275665283203,69.72571563720703,303.3277893066406,131.14979553222656,76.03021240234375,380.0264587402344,53.761474609375,20.46609115600586,160.32164001464844,125.87114715576172,243.18104553222656,586.510009765625,322.863037109375,41.523284912109375,90.18081665039062,97.25447845458984
2025-04-11,197.47471618652344,249.8644561767578,156.83999633789062,290.144287109375,56.645267486572266,132.52261352539062,84.52953338623047,27.34361457824707,489.3680114746094,349.69061279296875,231.07830810546875,19.739999771118164,149.34408569335938,233.9302215576172,70.38591766357422,306.4126892089844,134.08900451660156,77.62826538085938,387.1018371582031,53.751590728759766,20.769432067871094,163.6053009033203,127.04991149902344,243.14137268066406,591.5126342773438,331.605712890625,42.30693054199219,92.3604507446289,100.37853240966797
2025-04-14,201.82984924316406,254.09303283691406,159.27999877929688,294.7616882324219,56.724308013916016,132.2197265625,84.3005142211914,27.776418685913086,498.8101501464844,352.9912414550781,234.59140014648438,20.309999465942383,151.9327392578125,232.4644317626953,71.39100646972656,312.5132751464844,134.14817810058594,77.61846160888672,386.4640197753906,54.759620666503906,20.9685001373291,165.78135681152344,127.92161560058594,248.80503845214844,579.2673950195312,333.37615966796875,42.85837936401367,94.28131103515625,100.62183380126953
2025-04-15,201.4511260986328,256.5605163574219,155.52000427246094,290.12451171875,56.516815185546875,131.45758056640625,84.6490249633789,26.641510009765625,502.6800231933594,349.9376525878906,236.2007293701172,19.850000381469727,151.20436096191406,230.88973999023438,70.80963134765625,308.96368408203125,133.408447265625,76.85375213623047,384.3912658691406,54.186431884765625,21.271841049194336,165.13441467285156,127.42633819580078,247.63462829589844,575.843505859375,334.00274658203125,43.03252029418945,93.52490997314453,100.339599609375
2025-04-16,193.6079559326172,251.6454315185547,156.47000122070312,286.8716125488281,55.09401321411133,132.2587890625,82.41853332519531,26.420297622680664,493.9306945800781,341.913330078125,234.1105499267578,19.229999542236328,151.4898223876953,227.40354919433594,70.63226318359375,305.6217041015625,128.67417907714844,74.9615707397461,370.32025146484375,52.921451568603516,20.89266586303711,163.09559631347656,128.0305938720703,250.43174743652344,577.2742309570312,329.5468444824219,42.190834045410156,90.7580795288086,101.40042877197266
2025-04-17,196.3087158203125,250.04354858398438,161.89999389648438,290.935302734375,55.09401321411133,134.71128845214844,84.44986724853516,27.07431411743164,504.26361083984375,350.87646484375,234.34605407714844,18.93000030517578,154.99383544921875,229.73097229003906,71.93296813964844,307.79693603515625,128.42759704589844,76.47138977050781,366.5035400390625,55.105506896972656,20.987457275390625,167.25164794921875,127.6739730834961,253.78433227539062,448.0821838378906,327.8361511230469,42.606842041015625,92.77845764160156,104.05732727050781
2025-04-21,192.50173950195312,241.2878875732422,159.33999633789062,282.8879699707031,53.72061538696289,130.6661376953125,83.643310546875,27.045461654663086,496.21697998046875,342.8125915527344,231.8044891357422,18.84000015258789,154.4524688720703,226.7895050048828,71.70632934570312,305.2459716796875,124.36398315429688,76.32432556152344,357.87359619140625,55.46128463745117,20.89266586303711,163.48098754882812,124.93011474609375,247.565185546875,419.6841735839844,318.3773193359375,41.53296661376953,91.97229766845703,102.52935791015625
2025-04-22,199.059326171875,251.14794921875,162.52000427246094,289.2761535644531,54.38261795043945,134.1543426513672,85.72443389892578,27.891834259033203,514.6558837890625,350.2538757324219,236.39700317382812,19.510000228881836,155.26942443847656,233.32608032226562,72.81981658935547,315.4893798828125,134.4638214111328,77.4223861694336,365.5469055175781,56.39025115966797,21.357158660888672,165.5818328857422,112.67681121826172,259.1900939941406,421.5096435546875,329.61651611328125,41.78450012207031,94.40074157714844,105.40038299560547
2025-04-23,203.9027557373047,258.8290710449219,172.3699951171875,293.8462219238281,54.96556854248047,133.5485382080078,86.91934204101562,27.891834259033203,523.8802490234375,352.220458984375,240.89138793945312,20.59000015258789,152.93670654296875,238.56524658203125,72.22858428955078,314.89617919921875,134.197509765625,77.19689178466797,373.0906066894531,56.71637725830078,21.224443435668945,163.46124267578125,119.14521026611328,256.9781799316406,422.279296875,332.5705261230469,41.310447692871094,94.51021575927734,104.49528503417969
2025-04-24,207.65989685058594,265.9728698730469,176.25999450683594,304.8641052246094,55.6176872253418,135.88380432128906,89.62779235839844,28.622791290283203,539.7755126953125,355.4024963378906,225.04327392578125,21.489999771118164,152.49375915527344,242.2891082763672,71.4599838256836,312.6615905761719,136.97889709472656,78.27532958984375,385.9557800292969,57.793582916259766,21.59414291381836,157.34613037109375,120.81926727294922,258.2875061035156,418.6185302734375,333.9033203125,41.4168701171875,95.38604736328125,105.7215347290039
2025-04-25,208.56680297851562,263.4754943847656,177.9499969482422,304.456787109375,56.03266906738281,135.55157470703125,89.89664459228516,28.87285614013672,539.270751953125,353.36676025390625,228.0657196044922,20.049999237060547,152.14927673339844,241.2095947265625,70.8589096069336,313.17572021484375,135.4402618408203,81.11849975585938,390.4900207519531,56.94367599487305,21.726856231689453,158.81573486328125,124.03860473632812,257.05755615234375,413.0830078125,333.3662414550781,40.5461540222168,94.63959503173828,105.66315460205078
2025-04-28,209.4238739013672,263.6148376464844,182.3000030517578,305.06280517578125,56.16111755371094,136.8902130126953,89.77716064453125,28.805530548095703,540.7949829101562,352.7145690917969,231.74560546875,20.510000228881836,152.9071807861328,240.88275146484375,70.74066162109375,313.24493408203125,136.04190063476562,81.55968475341797,389.8023986816406,56.63732147216797,21.850086212158203,159.63438415527344,123.62256622314453,259.4876708984375,414.4249572753906,335.6936340332031,41.010536193847656,94.76898956298828,105.7215347290039
2025-04-29,210.490234375,265.67437744140625,182.0,305.40057373046875,56.65514373779297,136.10853576660156,90.7828598022461,29.47878074645996,543.2891235351562,354.7700500488281,234.9152374267578,20.34000015258789,153.45835876464844,242.26930236816406,71.29246520996094,310.9609375,136.4857635498047,83.04988861083984,392.67242431640625,56.864620208740234,22.55156707763672,160.03875732421875,124.54379272460938,261.9078674316406,403.79791259765625,339.6820373535156,41.552310943603516,95.5851058959961,105.45877838134766
2025-04-30,211.7758331298828,265.06744384765625,183.24000549316406,307.2583923339844,57.04048538208008,132.9427490234375,90.56379699707031,29.42107582092285,541.9331665039062,356.2424621582031,237.2998046875,20.100000381469727,153.85206604003906,242.26930236816406,71.48954772949219,316.052978515625,137.0084991455078,83.53028106689453,393.88818359375,55.73800277709961,23.13928985595703,160.3445281982422,124.94001007080078,261.98724365234375,405.97857666015625,343.6405944824219,42.626190185546875,96.78936767578125,102.80186462402344
2025-05-01,212.59304809570312,267.1867370605469,182.88999938964844,311.9179382324219,57.42582702636719,133.13816833496094,90.42439270019531,29.36336898803711,548.1487426757812,354.0782775878906,235.18019104003906,19.979999542236328,152.0311737060547,244.5175018310547,70.24796295166016,310.1106262207031,136.01231384277344,81.62831115722656,423.9235534667969,56.093772888183594,22.68427848815918,157.7899627685547,126.20793914794922,259.3289794921875,395.36138916015625,340.6070251464844,41.89092254638672,96.94862365722656,102.94784545898438
2025-05-02,204.65020751953125,275.454833984375,185.4600067138672,321.5746765136719,58.62137985229492,135.3268585205078,92.09725952148438,29.257570266723633,560.2929077148438,360.2249755859375,240.9600830078125,20.6200008392334,153.66505432128906,250.08348083496094,70.60269927978516,308.44952392578125,140.13510131835938,81.54988098144531,433.769287109375,57.90229415893555,22.940221786499023,158.32257080078125,128.9815216064453,265.2406311035156,394.61151123046875,345.72930908203125,42.31660461425781,98.28226470947266,103.3663330078125
2025-05-05,198.21221923828125,276.62890625,186.4600067138672,321.0083923339844,58.61149597167969,132.39559936523438,91.7188720703125,27.8437442779541,553.8199462890625,357.4678955078125,244.52223205566406,20.270000457763672,152.5626678466797,250.1330108642578,70.65196990966797,312.1672058105469,138.87261962890625,81.21653747558594,434.65618896484375,56.676849365234375,22.62740135192871,156.65573120117188,127.3768081665039,265.3695983886719,399.4365539550781,346.76373291015625,42.123111724853516,98.85952758789062,100.50505065917969
2025-05-06,197.83351135253906,273.9822998046875,185.9600067138672,318.8028564453125,58.512691497802734,132.49330139160156,91.77861785888672,27.699474334716797,543.724609375,355.14556884765625,244.46334838867188,19.940000534057617,152.04100036621094,246.8548126220703,70.67167663574219,313.22515869140625,136.13067626953125,77.49101257324219,431.8061218261719,56.370487213134766,21.688934326171875,157.06996154785156,126.95087432861328,265.87542724609375,389.2732849121094,345.82879638671875,42.71326446533203,98.08321380615234,101.906494140625
2025-05-07,195.58120727539062,274.847900390625,185.55999755859375,318.2067565917969,58.8585090637207,132.67893981933594,101.656494140625,27.362850189208984,546.2583618164062,358.475830078125,248.63389587402344,20.309999465942383,154.82650756835938,246.99346923828125,71.34173583984375,314.55010986328125,136.7421875,77.56944274902344,431.8459777832031,57.931941986083984,21.60362434387207,157.10940551757812,126.29708862304688,266.6788330078125,385.86907958984375,347.96722412109375,42.46171951293945,98.36189270019531,101.80917358398438
2025-05-08,196.81698608398438,282.23052978515625,191.6999969482422,322.1409912109375,58.9968376159668,133.90029907226562,104.67362976074219,28.122661590576172,559.8970336914062,360.56097412109375,249.38951110839844,21.0,153.21229553222656,251.0342559814453,70.12971496582031,309.9622802734375,139.188232421875,76.12825012207031,436.6492614746094,58.218536376953125,21.77425193786621,156.47817993164062,127.45604705810547,268.6229553222656,380.4322204589844,349.37957763671875,42.190834045410156,96.96852111816406,103.23008728027344
2025-05-09,197.8534393310547,283.0762634277344,194.85000610351562,323.5020751953125,59.056121826171875,135.3170928955078,105.49015045166016,28.353490829467773,561.2826538085938,358.43634033203125,246.16915893554688,21.420000076293945,151.79493713378906,250.64801025390625,69.48921966552734,310.1501770019531,140.64797973632812,74.4811782836914,437.20733642578125,57.61569595336914,21.52308464050293,155.50173950195312,127.45604705810547,267.5616455078125,375.5874328613281,350.6427307128906,42.190834045410156,96.49462890625,104.43687438964844
2025-05-12,210.34713745117188,297.41363525390625,198.52999877929688,340.3219299316406,60.93342590332031,138.3753662109375,110.02082824707031,29.796171188354492,585.2740478515625,372.15277099609375,250.60455322265625,22.18000030517578,151.71620178222656,257.551025390625,68.51368713378906,308.40997314453125,148.2721710205078,78.85376739501953,447.70074462890625,61.845458984375,22.305566787719727,158.69737243652344,129.32821655273438,265.8853454589844,373.7225036621094,353.9349365234375,41.600685119628906,96.52455139160156,106.23735809326172
2025-05-13,212.48263549804688,300.7765808105469,203.4199981689453,350.2469787597656,61.0421142578125,139.08865356445312,110.90704345703125,29.594196319580078,597.6160888671875,369.1980285644531,255.44496154785156,22.559999465942383,146.1058349609375,260.48260498046875,67.95201873779297,305.21630859375,148.6765594482422,75.12823486328125,447.5812072753906,61.65768814086914,22.093040466308594,156.5570831298828,129.48670959472656,262.7708435058594,307.24676513671875,354.8116455078125,41.26207733154297,95.65657806396484,106.52931213378906
2025-05-14,211.88389587402344,298.5876770019531,204.72000122070312,347.3857116699219,60.55796813964844,138.42422485351562,112.4604263305664,29.01712417602539,605.3261108398438,368.4173278808594,254.684326171875,21.520000457763672,144.05853271484375,263.08734130859375,68.14910125732422,304.0397033691406,145.855712890625,72.03016662597656,451.36798095703125,61.005435943603516,21.27191925048828,155.8568115234375,129.55604553222656,260.459716796875,303.9215087890625,355.13043212890625,40.97183609008789,96.6043701171875,105.57556915283203
2025-05-15,211.00575256347656,298.0404357910156,206.24000549316406,347.53472900390625,63.492496490478516,139.00070190429688,111.74348449707031,28.7574405670166,609.58203125,374.16876220703125,263.4365539550781,21.549999237060547,147.25743103027344,264.9195251464844,70.56328582763672,310.9411926269531,146.7039337158203,73.3341064453125,452.3863220214844,61.66757583618164,21.83221435546875,160.18670654296875,134.24142456054688,268.7023010253906,270.7082824707031,360.9486389160156,42.0650634765625,96.12548828125,106.64614868164062
2025-05-16,210.81614685058594,298.2095947265625,205.82000732421875,351.28021240234375,62.860137939453125,138.84439086914062,112.93838500976562,29.036359786987305,612.679931640625,376.29339599609375,263.515625,21.65999984741211,148.9503936767578,264.9888610839844,70.94758605957031,315.0246887207031,151.01409912109375,74.56940460205078,453.5244445800781,62.369239807128906,22.054399490356445,161.04478454589844,134.20179748535156,271.4101867675781,288.03521728515625,363.75811767578125,42.558467864990234,98.01107788085938,106.26309967041016
2025-05-19,208.3413543701172,297.79168701171875,205.25,350.27679443359375,63.15655517578125,136.96530151367188,112.1816177368164,28.959415435791016,606.0189208984375,374.909912109375,265.1455383300781,21.3799991607666,150.09214782714844,262.3346252441406,70.87860870361328,317.6152038574219,152.03001403808594,75.71648406982422,458.11688232421875,61.35133361816406,22.218624114990234,162.514404296875,135.90557861328125,272.3127746582031,311.6969299316406,366.52777099609375,42.8680534362793,97.89136505126953,104.57372283935547
2025-05-20,206.42539978027344,294.677490234375,207.6699981689453,347.216796875,62.66252517700195,135.75872802734375,111.88288879394531,28.65164566040039,600.29833984375,372.60736083984375,263.70330810546875,21.270000457763672,151.24374389648438,263.1269226074219,70.64212036132812,316.2012939453125,152.0398712158203,76.44197845458984,457.4180603027344,61.8256950378418,22.72096061706543,163.3724822998047,135.88575744628906,271.489501953125,317.3113708496094,365.47174072265625,42.78098678588867,97.57211303710938,103.08079528808594
2025-05-21,201.6654052734375,284.5587463378906,203.2100067138672,340.2822265625,62.44515609741211,134.0675506591797,109.99095153808594,27.651386260986328,587.3722534179688,366.47052001953125,257.6972351074219,20.690000534057617,150.7712860107422,258.5315246582031,70.79977416992188,312.87908935546875,147.35488891601562,75.47138977050781,451.8272399902344,59.275978088378906,22.257266998291016,163.1653594970703,133.6768035888672,268.9502868652344,298.9582824707031,356.96356201171875,42.32627868652344,96.2052993774414,101.81377410888672
2025-05-22,200.9369354248047,285.7327575683594,203.41000366210938,342.9447937011719,62.60324478149414,133.80052185058594,110.6581039428711,27.57444190979004,592.0933227539062,361.8160400390625,255.22763061523438,20.549999237060547,150.2102508544922,258.16510009765625,70.10015106201172,310.7730712890625,147.72970581054688,76.31452178955078,454.11346435546875,60.600250244140625,22.257266998291016,162.77084350585938,132.80511474609375,268.8808288574219,292.7320251464844,356.63482666015625,41.72645568847656,95.70646667480469,101.13606262207031
2025-05-23,194.85975646972656,283.78265380859375,202.36000061035156,341.1565246582031,62.35622787475586,135.03675842285156,109.25409698486328,27.237817764282227,592.400146484375,358.43634033203125,255.48448181152344,20.049999237060547,150.53506469726562,258.2046813964844,70.72093963623047,311.0301513671875,146.31236267089844,76.05962371826172,449.441162109375,59.31550979614258,22.527751922607422,163.5894775390625,131.76966857910156,268.8411865234375,291.6466369628906,352.22137451171875,41.91027069091797,96.11550903320312,101.19499206542969
2025-05-27,199.78936767578125,292.2796325683594,201.02999877929688,349.22369384765625,62.988582611083984,136.31256103515625,111.88288879394531,27.814889907836914,609.4137573242188,366.03570556640625,260.0285339355469,20.549999237060547,152.13333129882812,262.7406921386719,70.73079681396484,311.4058837890625,148.16580200195312,76.06941986083984,459.93389892578125,62.092529296875,22.80790138244629,165.46347045898438,133.6016082763672,273.64190673828125,291.0841979980469,357.9598693847656,42.084415435791016,97.35262298583984,101.67626190185547
2025-05-28,199.99891662597656,291.8816223144531,201.5,347.216796875,62.58348083496094,134.52249145507812,111.04644775390625,27.25705337524414,602.1985473632812,363.7232971191406,257.0748596191406,20.3700008392334,151.3192901611328,260.9579772949219,70.11001586914062,309.3196105957031,147.34315490722656,74.67725372314453,456.609375,61.054847717285156,22.39250946044922,165.06895446777344,132.26748657226562,271.42999267578125,294.15289306640625,358.3882751464844,41.72645568847656,97.01341247558594,100.2913818359375
2025-05-29,199.5299072265625,293.8914794921875,208.17999267578125,349.5018615722656,62.29694747924805,136.3916778564453,111.54432678222656,27.68985939025879,598.6552734375,363.9505920410156,255.54376220703125,20.25,152.46092224121094,261.8294982910156,70.44503784179688,308.3506164550781,148.3045654296875,74.90274810791016,457.9272155761719,60.71883773803711,22.653337478637695,166.25250244140625,134.20892333984375,272.183837890625,294.2121276855469,361.0483093261719,41.91994857788086,96.87374114990234,100.86105346679688
2025-05-30,200.4280242919922,292.56817626953125,207.32000732421875,345.7663269042969,62.28706359863281,135.1949920654297,112.55999755859375,27.3448429107666,597.2528076171875,363.9505920410156,255.90924072265625,19.549999237060547,154.0790557861328,261.46307373046875,71.04612731933594,310.3182373046875,147.03590393066406,75.33412170410156,459.60443115234375,59.87881851196289,22.691978454589844,167.56431579589844,135.88156127929688,273.46337890625,297.9024963378906,363.827880859375,42.529441833496094,98.4899673461914,100.4780044555664
2025-06-02,201.27622985839844,293.8417053222656,211.47000122070312,342.4281921386719,63.0873908996582,136.32244873046875,112.47037506103516,26.812536239624023,595.531982421875,363.62445068359375,260.69036865234375,19.739999771118164,154.2676544189453,262.1167297363281,70.94758605957031,310.91485595703125,145.10316467285156,74.75568389892578,461.2118225097656,61.25168228149414,22.662996292114258,165.48318481445312,136.85726928710938,274.0981750488281,300.6751708984375,363.9574279785156,42.664886474609375,99.53751373291016,101.21463775634766
2025-06-03,202.84292602539062,295.891357421875,213.42999267578125,347.1274108886719,63.59130096435547,138.0136260986328,113.11762237548828,27.39413070678711,600.6148071289062,368.68414306640625,261.9745788574219,20.290000915527344,153.2947998046875,263.71124267578125,70.119873046875,310.6264953613281,146.81785583496094,75.62824249267578,462.2101745605469,62.04754638671875,22.55673599243164,164.56593322753906,136.8970947265625,273.8303527832031,297.22161865234375,364.4953918457031,42.40367889404297,99.74703216552734,101.95128631591797
2025-06-04,202.39389038085938,294.43865966796875,211.97999572753906,347.0578308105469,63.62093734741211,135.8576202392578,113.00808715820312,27.877151489257812,596.0194091796875,368.0121765136719,262.2906799316406,20.25,152.10354614257812,261.68096923828125,70.32679748535156,309.8111267089844,145.50953674316406,76.73609924316406,463.1086730957031,62.44548034667969,22.595375061035156,163.67823791503906,137.94248962402344,269.6545104980469,296.3927917480469,366.6274108886719,41.83287811279297,99.11849212646484,100.4780044555664
2025-06-05,200.20849609375,294.4685363769531,209.02000427246094,346.6902770996094,63.84819412231445,135.39279174804688,112.05216217041016,27.778575897216797,602.6538696289062,367.19677734375,263.6143798828125,19.989999771118164,152.54034423828125,259.43280029296875,69.87351989746094,307.2357482910156,144.9644012451172,76.09883880615234,466.91241455078125,62.34599685668945,22.334548950195312,160.57138061523438,138.460205078125,268.8213195800781,291.9130554199219,365.4020080566406,41.89092254638672,97.73173522949219,100.01637268066406
2025-06-06,203.49156188964844,300.94573974609375,210.8000030517578,351.05169677734375,65.27098846435547,138.66636657714844,113.41635131835938,28.14330291748047,610.7306518554688,365.2577819824219,265.59991455078125,20.059999465942383,153.90036010742188,263.17645263671875,70.30708312988281,305.6248779296875,144.2111358642578,77.4223861694336,469.6080017089844,62.47532272338867,22.55673599243164,161.77467346191406,138.49008178710938,271.4696960449219,299.195068359375,368.8391418457031,42.37465286254883,97.24288177490234,102.41291046142578
2025-06-09,201.02676391601562,300.0403137207031,217.50999450683594,355.74102783203125,65.11290740966797,139.21029663085938,115.16887664794922,28.971338272094727,610.2532348632812,363.1398010253906,268.7708740234375,20.479999542236328,154.09889221191406,264.1767272949219,70.72093963623047,303.0594482421875,142.95237731933594,77.77532958984375,471.97412109375,61.589927673339844,23.155670166015625,160.33465576171875,140.36183166503906,265.60760498046875,299.1654968261719,365.29241943359375,42.22953414916992,97.2229232788086,103.1004409790039
2025-06-10,202.2441864013672,298.0105895996094,215.72999572753906,356.2377624511719,64.37186431884766,141.77178955078125,118.22583770751953,30.262678146362305,611.5960083007812,365.83453369140625,272.8802795410156,22.079999923706055,155.3100128173828,266.01885986328125,71.29246520996094,298.7340087890625,143.7750244140625,79.7557373046875,470.1471252441406,63.539791107177734,23.474458694458008,160.61082458496094,137.91261291503906,261.9424133300781,299.75750732421875,369.3173522949219,42.693912506103516,97.09322357177734,105.31037139892578
2025-06-11,198.36236572265625,297.59271240234375,214.0,360.778076171875,63.42333221435547,143.18603515625,119.01248168945312,30.242961883544922,620.8464965820312,358.4265441894531,278.0960693359375,20.68000030517578,154.12867736816406,265.57318115234375,71.01655578613281,300.0167236328125,145.87625122070312,78.74592590332031,471.8443298339844,62.783721923828125,23.648344039916992,159.8908233642578,141.1881866455078,260.2193603515625,306.4376525878906,371.9176025390625,42.31660461425781,95.57677459716797,107.36314392089844
2025-06-12,198.78147888183594,296.48828125,203.75,358.6122131347656,64.32246398925781,143.3739471435547,118.1063461303711,29.71065330505371,621.781494140625,361.111328125,277.6120300292969,20.770000457763672,155.5184783935547,265.66229248046875,71.18407440185547,301.4486083984375,143.48760986328125,80.2165298461914,478.0840759277344,62.47532272338867,23.99611473083496,160.9461669921875,140.36183166503906,264.88055419921875,314.2722473144531,370.0147399902344,41.75547790527344,94.6090316772461,107.77566528320312
2025-06-13,196.03726196289062,286.3397216796875,200.32000732421875,354.7276306152344,63.324520111083984,144.30360412597656,117.43919372558594,29.47407341003418,610.2730712890625,352.6592712402344,273.848388671875,20.139999389648438,155.9552764892578,262.4039611816406,70.47947692871094,300.2056579589844,141.059326171875,80.10868835449219,474.18048095703125,60.21706008911133,23.706308364868164,158.08587646484375,145.05117797851562,262.4105224609375,309.36822509765625,351.5339050292969,41.61035919189453,94.21994018554688,110.12310028076172
2025-06-16,198.0031280517578,292.7373352050781,201.6999969482422,360.08258056640625,64.7275619506836,144.4222869873047,118.97265625,30.13452911376953,624.5068969726562,351.5654602050781,278.40228271484375,20.739999771118164,154.08897399902344,267.7619323730469,69.98328399658203,294.6174011230469,143.7849578857422,80.16809844970703,478.3536376953125,61.579978942871094,23.571062088012695,158.6776580810547,145.81781005859375,264.0738220214844,305.7311706542969,354.15411376953125,41.1169548034668,94.0702896118164,110.47669219970703
2025-06-17,195.2289581298828,291.33441162109375,200.25999450683594,355.3535461425781,64.54972076416016,147.21124267578125,117.62837982177734,29.020626068115234,621.3140258789062,346.81243896484375,279.6074523925781,20.799999237060547,151.26966857910156,266.9300231933594,69.09014129638672,290.65985107421875,140.95030212402344,77.51431274414062,477.25543212890625,59.68980026245117,23.18465232849121,156.3499755859375,147.8289337158203,263.34674072265625,306.93359375,356.50531005859375,40.48810577392578,94.03038024902344,111.96961212158203
2025-06-18,196.16697692871094,294.9262390136719,197.67999267578125,357.4597473144531,65.0536117553711,146.55850219726562,117.35953521728516,28.094017028808594,631.8575439453125,345.0722961425781,279.7655334472656,21.489999771118164,149.63168334960938,271.3273620605469,68.68325805664062,287.9949951171875,141.24761962890625,78.51443481445312,479.4518127441406,59.20233154296875,23.068727493286133,155.8568115234375,145.23037719726562,263.83477783203125,305.2740783691406,339.1104431152344,40.31396484375,94.86841583251953,111.17404174804688
2025-06-20,200.57769775390625,297.0852966308594,198.75,358.1750793457031,65.52789306640625,147.90353393554688,117.13050842285156,27.36455726623535,637.387939453125,347.647705078125,277.5527648925781,21.079999923706055,148.6985321044922,272.35736083984375,68.31607055664062,285.83721923828125,142.75416564941406,78.28668212890625,476.6164855957031,59.48088836669922,23.155670166015625,156.9022979736328,145.99700927734375,263.9144592285156,300.1166076660156,337.30718994140625,40.34299087524414,95.89602661132812,112.65714263916016
2025-06-23,201.07666015625,298.12005615234375,201.30999755859375,363.84796142578125,66.57522583007812,145.24314880371094,117.25,26.48723602294922,643.4356079101562,354.9462890625,285.66290283203125,21.190000534057617,150.21739196777344,275.5959167480469,69.20922088623047,287.8855895996094,146.29254150390625,79.37592315673828,485.2023620605469,60.46576690673828,23.213632583618164,158.82559204101562,145.170654296875,266.5438232421875,298.794921875,342.4678649902344,40.98151397705078,97.6419448852539,109.74986267089844
2025-06-24,199.87918090820312,306.8259582519531,200.94000244140625,370.5937805175781,67.07913970947266,141.96958923339844,118.6500015258789,27.137834548950195,658.58447265625,358.38677978515625,290.2168273925781,22.549999237060547,151.0810546875,278.5572204589844,69.67564392089844,289.8245849609375,148.5424346923828,79.53435516357422,489.30560302734375,61.10245895385742,23.484119415283203,158.16476440429688,141.22802734375,265.0697937011719,303.7039489746094,350.3184509277344,41.24272537231445,97.77164459228516,106.4104232788086
2025-06-25,201.13653564453125,307.0348815917969,198.89999389648438,369.1631164550781,67.37555694580078,141.65310668945312,119.41999816894531,26.43794822692871,666.3031616210938,359.8186340332031,287.5200500488281,22.200000762939453,151.17039489746094,281.3302917480469,69.10005950927734,283.93798828125,146.4412078857422,78.89070892333984,491.4620666503906,60.51551055908203,23.435819625854492,156.79380798339844,140.7600860595703,259.76123046875,300.12652587890625,343.97222900390625,40.74932098388672,97.03337097167969,106.43988800048828
2025-06-26,200.57769775390625,309.85064697265625,202.5800018310547,379.3961486816406,68.12647247314453,142.84979248046875,121.45999908447266,26.763246536254883,683.5010986328125,361.44940185546875,288.37945556640625,22.5,150.90235900878906,285.9752502441406,68.94127655029297,284.0175476074219,149.42454528808594,78.05892944335938,496.6335754394531,62.216670989990234,23.4164981842041,156.45846557617188,142.04441833496094,261.89263916015625,300.7227783203125,344.7393493652344,40.72997283935547,95.79624938964844,108.03103637695312
2025-06-27,200.65753173828125,315.591552734375,214.5500030517578,382.2077331542969,67.83006286621094,142.20693969726562,122.33999633789062,26.61538314819336,687.1316528320312,366.6598205566406,286.17657470703125,22.690000534057617,151.29945373535156,284.3509826660156,69.79473114013672,289.90411376953125,150.6733856201172,78.32628631591797,495.1260681152344,71.66755676269531,23.368196487426758,157.67161560058594,144.02569580078125,262.25115966796875,307.17205810546875,347.3097229003906,40.93313980102539,97.04334259033203,107.43190002441406
2025-06-30,204.7389373779297,317.3725280761719,209.52999877929688,385.6849670410156,68.55134582519531,141.61355590820312,124.01000213623047,26.10279083251953,703.9814453125,364.5716857910156,291.19482421875,22.399999618530273,151.63697814941406,287.12408447265625,70.21153259277344,290.5206604003906,150.8914337158203,78.38570404052734,496.5936584472656,70.67272186279297,23.4164981842041,157.13902282714844,145.37973022460938,266.46417236328125,310.01416015625,353.7257080078125,41.86189651489258,97.55215454101562,105.88004302978516
2025-07-01,207.3833770751953,320.9046325683594,209.7899932861328,388.3773498535156,68.27468872070312,143.96734619140625,123.48999786376953,27.433561325073242,702.6983642578125,371.0549011230469,287.6583557128906,22.850000381469727,154.78387451171875,287.6192932128906,71.1245346069336,295.81060791015625,152.44752502441406,81.00978088378906,491.242431640625,73.03047180175781,24.189321517944336,159.01300048828125,143.55775451660156,265.92633056640625,324.0953369140625,354.1441650390625,42.2585563659668,98.01107788085938,107.29438781738281
2025-07-02,211.99366760253906,323.9690856933594,212.02999877929688,395.8385009765625,67.7707748413086,146.35081481933594,122.9800033569336,28.32073974609375,712.078125,369.7522888183594,284.1515197753906,21.8799991607666,154.42649841308594,289.19403076171875,70.37032318115234,292.9667663574219,152.60610961914062,81.5841064453125,490.2840270996094,75.99506378173828,24.459808349609375,158.99327087402344,143.8863067626953,256.30517578125,305.6318054199219,352.8988342285156,42.171485900878906,97.38255310058594,109.07215881347656
2025-07-03,213.10134887695312,327.3006896972656,215.9199981689453,395.2721862792969,68.9536361694336,146.73651123046875,124.0,28.054584503173828,719.82666015625,369.583251953125,288.4189758300781,22.489999771118164,154.8732147216797,294.56787109375,70.80696868896484,292.4198303222656,151.58523559570312,80.13838958740234,498.02130126953125,75.99506378173828,24.51776885986328,158.62832641601562,145.1109161376953,263.06787109375,306.6155700683594,357.521484375,42.13278579711914,98.13080596923828,110.20166778564453
2025-07-07,209.50889587402344,321.9143371582031,218.6300048828125,388.9635314941406,68.51628112792969,145.77719116210938,123.16000366210938,27.088546752929688,707.14453125,365.5660400390625,288.91290283203125,22.0,154.13861083984375,290.557373046875,70.46955871582031,291.8729553222656,150.49497985839844,80.10868835449219,496.90313720703125,76.13433837890625,24.382524490356445,158.3028564453125,145.28016662597656,257.94854736328125,301.8059387207031,355.309814453125,41.40719223022461,99.11849212646484,109.13108825683594
2025-07-08,209.5687713623047,316.1788635253906,218.52000427246094,391.7254333496094,68.17831420898438,151.5529022216797,121.81999969482422,28.646038055419922,693.5672607421875,365.42681884765625,286.8878479003906,23.59000015258789,154.65481567382812,281.4118347167969,69.70541381835938,290.0234680175781,152.37815856933594,80.57408905029297,495.804931640625,73.53783416748047,24.749616622924805,155.72857666015625,144.27459716796875,255.3590087890625,305.77093505859375,353.2275695800781,41.65873336791992,96.86376190185547,112.1562271118164
2025-07-09,210.69639587402344,316.5479431152344,226.60000610351562,399.5640869140625,68.85423278808594,151.3353271484375,120.61000061035156,29.414928436279297,692.85107421875,368.9468688964844,286.61126708984375,23.440000534057617,155.14125061035156,281.7900085449219,68.95120239257812,291.3658142089844,154.59829711914062,82.89119720458984,502.68365478515625,73.17969512939453,24.691654205322266,155.36366271972656,145.5390167236328,254.29330444335938,301.0109558105469,356.42559814453125,41.2233772277832,96.58441162109375,111.77318572998047
2025-07-10,211.96372985839844,324.41796875,226.08999633789062,405.6741027832031,68.34729766845703,152.47265625,121.55999755859375,29.79937171936035,705.3441772460938,371.194091796875,283.9342041015625,23.81999969482422,156.5409698486328,286.7956848144531,69.2389907836914,296.7055358886719,155.92645263671875,83.19815826416016,500.656982421875,74.23421478271484,24.9041805267334,156.32037353515625,145.758056640625,254.9606170654297,297.6322937011719,354.5526123046875,41.31971740722656,94.63896179199219,112.88304901123047
2025-07-11,210.7163543701172,318.6625671386719,226.83999633789062,403.27978515625,67.54216003417969,153.60011291503906,119.87000274658203,29.129058837890625,701.1964111328125,367.9823303222656,280.1408996582031,23.43000030517578,155.75672912597656,285.4720764160156,69.3382339477539,298.2169494628906,154.4595489501953,82.54462432861328,502.49395751953125,72.25450134277344,24.778596878051758,154.90008544921875,146.2259979248047,253.45668029785156,302.1935119628906,346.63226318359375,40.916648864746094,94.1800308227539,113.3741455078125
2025-07-14,208.1816864013672,320.1089172363281,230.50999450683594,403.1307373046875,67.4129409790039,149.98040771484375,119.97000122070312,27.847578048706055,709.5018920898438,368.0220947265625,280.3384704589844,23.299999237060547,155.6773223876953,287.30322265625,68.94127655029297,300.17584228515625,156.51121520996094,82.8515853881836,502.1944274902344,71.87646484375,24.488788604736328,151.65512084960938,148.62542724609375,254.4427032470703,298.695556640625,349.19268798828125,40.87732696533203,95.55681610107422,111.89103698730469
2025-07-15,208.67066955566406,309.8648376464844,230.0,402.00811767578125,66.77677917480469,149.03097534179688,118.9800033569336,27.59128189086914,698.7694091796875,356.6168212890625,279.2617492675781,22.920000076293945,154.03933715820312,285.1636047363281,68.83211517333984,297.9285888671875,155.20289611816406,80.72261810302734,504.9898376464844,71.61781311035156,23.773929595947266,150.58990478515625,148.02806091308594,249.61219787597656,289.88116455078125,345.72564697265625,40.5627326965332,95.167724609375,110.89903259277344
2025-07-16,209.71847534179688,311.1116943359375,229.89999389648438,410.19451904296875,66.96564483642578,148.2694549560547,119.81999969482422,27.73914337158203,705.0457763671875,355.3837890625,278.4912414550781,22.690000534057617,163.57931518554688,284.4371337890625,68.7427978515625,297.212646484375,156.164306640625,81.62371826171875,504.7901611328125,71.72724151611328,23.773929595947266,151.6255340576172,149.51153564453125,251.17588806152344,290.6562805175781,348.59490966796875,40.55290222167969,94.92828369140625,110.23114013671875
2025-07-17,209.57875061035156,314.552978515625,231.0,415.35076904296875,67.89006042480469,149.71337890625,122.20999908447266,28.054584503173828,702.0816650390625,357.0145568847656,278.57025146484375,22.799999237060547,161.79241943359375,288.4974060058594,70.05274963378906,298.6743469238281,157.63119506835938,80.72261810302734,510.8601989746094,72.60269927978516,23.74494743347168,153.48963928222656,150.835693359375,260.7572021484375,286.2640075683594,348.5052490234375,40.257972717285156,94.86841583251953,109.67129516601562
2025-07-18,210.73631286621094,307.17169189453125,229.33999633789062,411.01910400390625,67.64156341552734,148.38812255859375,121.41999816894531,27.936296463012695,704.48876953125,357.3725280761719,282.3931579589844,23.100000381469727,162.50717163085938,289.8607482910156,69.3183822631836,295.3929748535156,151.87266540527344,79.1778793334961,509.212890625,72.09532928466797,23.638683319091797,154.02293395996094,150.835693359375,264.9004821777344,280.8779602050781,347.7480773925781,40.14982986450195,94.82852172851562,105.85057067871094
2025-07-21,212.0335693359375,302.20428466796875,229.32000732421875,408.8952331542969,67.92981719970703,148.03208923339844,120.83999633789062,27.98558235168457,702.2407836914062,361.9863586425781,281.2472839355469,23.260000228881836,163.16236877441406,289.5622253417969,69.53671264648438,294.0704650878906,151.46630859375,78.53423309326172,509.2228698730469,73.63731384277344,23.435819625854492,153.9534149169922,150.8954315185547,262.18145751953125,280.3711853027344,349.63104248046875,41.771949768066406,95.44706726074219,106.1255874633789
2025-07-22,213.94955444335938,303.371337890625,228.47999572753906,415.99481201171875,67.75090026855469,148.38812255859375,121.05999755859375,29.237491607666016,696.6805419921875,368.9170227050781,278.5307312011719,23.239999771118164,166.70635986328125,290.0199890136719,69.12983703613281,297.48114013671875,149.86065673828125,80.81173706054688,504.44073486328125,75.00023651123047,24.28592300415039,157.2205810546875,148.5159149169922,265.70721435546875,283.3424377441406,350.5475769042969,42.234004974365234,95.62664794921875,106.60685729980469
2025-07-23,213.7000732421875,307.8798828125,233.8800048828125,426.3650207519531,68.20813751220703,151.43421936035156,122.94000244140625,29.937379837036133,713.699462890625,374.2268981933594,278.58013916015625,23.489999771118164,167.8678436279297,295.32421875,68.6336441040039,296.4370422363281,149.48402404785156,83.15856170654297,505.0397644042969,76.35320281982422,24.498449325561523,157.18084716796875,155.8038330078125,263.6754150390625,290.6761779785156,353.9648132324219,42.116031646728516,95.45704650878906,107.97209930419922
2025-07-24,213.31088256835938,307.4709167480469,231.27000427246094,428.28948974609375,67.88011932373047,154.11439514160156,121.94999694824219,24.71287727355957,715.3505859375,370.98529052734375,257.34161376953125,22.6299991607666,168.32447814941406,295.1152038574219,68.57408905029297,292.8175964355469,147.9774932861328,83.28728485107422,510.0415344238281,75.03007507324219,24.488788604736328,157.70716857910156,154.5393829345703,260.93646240234375,276.8334655761719,352.6497497558594,42.35197830200195,96.3749008178711,108.81678771972656
2025-07-25,213.43064880371094,310.8224182128906,233.05999755859375,432.50738525390625,68.27771759033203,153.13528442382812,121.47000122070312,25.146610260009766,725.098388671875,373.22259521484375,256.56121826171875,20.700000762939453,167.07366943359375,297.1752014160156,68.64356231689453,296.7850646972656,149.93003845214844,83.88141632080078,512.866943359375,75.87567901611328,24.361038208007812,157.20071411132812,156.19210815429688,260.000244140625,279.2979431152344,355.70831298828125,42.35197830200195,97.24288177490234,108.43373107910156
2025-07-28,213.6002960205078,309.9546203613281,236.41000366210938,431.69970703125,67.51233673095703,154.55943298339844,120.37000274658203,25.343759536743164,719.7968139648438,375.1019592285156,260.0087585449219,20.68000030517578,165.00881958007812,296.83685302734375,67.57177734375,297.5308532714844,150.70310974121094,83.2377700805664,511.65887451171875,78.83032989501953,23.88934326171875,156.0189666748047,155.3856658935547,253.88494873046875,280.3512878417969,354.1441650390625,41.64414596557617,97.38255310058594,109.45521545410156
2025-07-29,210.8261260986328,307.76019287109375,226.0800018310547,428.8179626464844,67.5521011352539,155.30117797851562,119.91000366210938,24.82131004333496,728.0824584960938,375.2113037109375,259.218505859375,20.40999984741211,166.8850555419922,295.6028747558594,68.85195922851562,300.96136474609375,150.44541931152344,81.82176208496094,511.728759765625,77.92503356933594,23.8795166015625,155.52244567871094,156.43104553222656,258.77520751953125,259.4332580566406,349.979736328125,41.98822784423828,98.10087585449219,110.86956024169922
2025-07-30,208.6107940673828,302.6431579589844,225.83999633789062,432.8763122558594,67.87017822265625,151.86936950683594,119.54000091552734,23.57925796508789,726.8590087890625,369.9809875488281,257.09466552734375,20.34000015258789,166.04122924804688,298.1803283691406,68.22676086425781,301.8960266113281,145.3212127685547,80.95037078857422,512.3976440429688,76.2835693359375,23.397994995117188,151.81834411621094,157.7054443359375,257.87884521484375,264.3721008300781,349.6011657714844,41.88008499145508,97.36259460449219,109.90702056884766
2025-07-31,207.1339111328125,298.55352783203125,221.83999633789062,436.76513671875,67.67137908935547,149.97052001953125,119.11000061035156,22.958234786987305,719.7371826171875,365.436767578125,250.07110595703125,19.799999237060547,163.53961181640625,294.80670166015625,67.37329864501953,298.37603759765625,147.898193359375,77.35588073730469,532.6243896484375,74.3038558959961,22.886995315551758,149.42507934570312,156.87908935546875,259.1935119628906,247.99542236328125,344.1814270019531,42.037384033203125,97.75169372558594,109.65164947509766
2025-08-01,201.95481872558594,293.5262451171875,221.89999389648438,427.4618835449219,66.70719909667969,149.733154296875,116.58999633789062,21.47960090637207,705.7918090820312,371.5520935058594,247.0088348388672,19.309999465942383,166.11073303222656,287.969970703125,68.33592224121094,301.1801452636719,143.13079833984375,78.51443481445312,523.2498168945312,74.23421478271484,23.083532333374023,149.60382080078125,156.12242126464844,257.28125,236.2793426513672,338.08428955078125,42.155357360839844,98.260498046875,107.68727111816406
2025-08-04,202.9227752685547,297.8353271484375,222.33999633789062,432.45751953125,68.07891845703125,149.3771209716797,119.3499984741211,21.28244972229004,722.1641845703125,378.67169189453125,248.91534423828125,19.5,169.79368591308594,292.8363037109375,68.4351577758789,302.5125732421875,146.5601348876953,79.078857421875,534.7609252929688,74.43318176269531,23.122840881347656,149.7130584716797,156.68992614746094,261.9424133300781,239.46920776367188,340.8738098144531,42.22417449951172,99.3579330444336,105.45770263671875
2025-08-05,202.49366760253906,295.8902893066406,224.86000061035156,432.98602294921875,67.11473846435547,151.3551025390625,118.31999969482422,22.061195373535156,717.0713500976562,383.2358093261719,247.62127685546875,20.190000534057617,169.4958953857422,289.96026611328125,68.52447509765625,297.0833740234375,148.76048278808594,79.99976348876953,526.8838500976562,73.99545288085938,24.32172966003418,149.4647979736328,155.64451599121094,264.10369873046875,249.4263916015625,336.1714172363281,41.94890213012695,99.0785903930664,105.33000946044922
2025-08-06,212.80197143554688,294.7930603027344,225.0399932861328,426.4946594238281,68.79459381103516,151.09796142578125,115.16999816894531,20.996580123901367,720.8809814453125,384.6179504394531,249.21170043945312,20.40999984741211,169.3469696044922,289.9403991699219,68.98097229003906,305.9231872558594,149.48402404785156,78.6629638671875,524.0784912109375,75.08977508544922,23.515920639038086,151.79849243164062,155.0670623779297,266.5039978027344,244.23912048339844,338.4728088378906,41.63431167602539,103.11915588378906,104.6130142211914
2025-08-07,219.56771850585938,293.985107421875,227.3300018310547,415.9250183105469,69.48045349121094,151.47378540039062,112.87999725341797,21.302165985107422,715.9075927734375,383.99151611328125,247.1174774169922,19.770000457763672,170.28012084960938,285.5517272949219,69.89397430419922,306.1717834472656,150.3958740234375,79.58386993408203,519.9852294921875,73.96560668945312,23.810728073120117,152.4241180419922,155.07701110839844,264.29290771484375,243.13607788085938,330.8513488769531,42.22417449951172,102.87971496582031,104.06298828125
2025-08-08,228.86814880371094,296.6782531738281,229.1199951171875,415.32672119140625,71.35911560058594,153.30340576171875,112.43000030517578,20.9177188873291,717.4295043945312,385.66204833984375,240.94154357910156,19.950000762939453,172.0670166015625,287.3629150390625,69.80464935302734,303.7256774902344,151.94204711914062,79.90074157714844,521.1832275390625,73.80644226074219,24.154672622680664,152.4439697265625,154.18096923828125,263.8049011230469,249.3170928955078,335.5238342285156,42.42079544067383,103.48829650878906,104.89785766601562
2025-08-11,226.95997619628906,295.4813232421875,225.9600067138672,407.3695983886719,70.24583435058594,151.76058959960938,112.55000305175781,20.57270622253418,715.4102783203125,385.3438415527344,235.0042724609375,20.649999618530273,172.55345153808594,288.1590270996094,70.21153259277344,302.6418151855469,153.93423461914062,79.2471923828125,520.9136962890625,73.63731384277344,24.154672622680664,153.9037628173828,154.12123107910156,263.1973571777344,250.7877960205078,334.6471252441406,42.450286865234375,103.68782806396484,103.94512939453125
2025-08-12,229.42758178710938,302.44366455078125,232.61000061035156,411.52764892578125,70.95156860351562,152.7397003173828,113.72000122070312,21.400739669799805,739.4217529296875,393.76605224609375,233.482666015625,21.809999465942383,171.52101135253906,291.4331359863281,70.17183685302734,299.93719482421875,156.45175170898438,79.51455688476562,528.3713989257812,74.51277160644531,24.223461151123047,154.01300048828125,154.80821228027344,262.8686828613281,259.9301452636719,336.0743103027344,42.51910400390625,103.37854766845703,104.23977661132812
2025-08-13,233.10403442382812,306.09442138671875,233.3699951171875,412.51483154296875,69.97745513916016,154.15394592285156,116.63999938964844,22.593503952026367,740.7247924804688,404.8829650878906,238.7536163330078,22.219999313354492,173.14906311035156,289.1243591308594,69.92374420166016,303.3478088378906,158.78091430664062,81.9009780883789,519.7256469726562,76.80087280273438,24.72463607788086,154.33078002929688,155.02725219726562,268.2170715332031,270.1059265136719,341.8728332519531,42.97132873535156,100.75466918945312,105.68360137939453
2025-08-14,232.5545654296875,306.9522399902344,233.19000244140625,416.3039245605469,68.8840560913086,153.45176696777344,116.30999755859375,23.037094116210938,743.221435546875,398.0616760253906,235.80982971191406,23.860000610351562,173.44688415527344,292.7367858886719,69.02067565917969,307.2059326171875,155.2623748779297,81.95049285888672,521.6224975585938,75.99506378173828,24.675500869750977,152.67237854003906,154.40000915527344,267.50994873046875,269.7879333496094,344.8070068359375,42.76487731933594,100.61499786376953,105.46752166748047
2025-08-15,231.36570739746094,304.69793701171875,235.25999450683594,406.62176513671875,65.80265808105469,154.8264617919922,115.38999938964844,23.027236938476562,726.8291625976562,397.1269836425781,238.405517578125,24.559999465942383,175.35289001464844,289.08453369140625,69.38784790039062,307.1860046386719,151.04010009765625,83.38630676269531,519.3162841796875,76.57206726074219,24.704980850219727,153.28807067871094,154.08999633789062,264.5220031738281,302.10406494140625,343.7890319824219,43.492374420166016,100.0,105.566650390625
2025-08-18,230.66639709472656,306.2739562988281,232.41000366210938,411.4578552246094,66.54815673828125,153.61001586914062,116.55000305175781,22.908945083618164,727.0679321289062,392.473388671875,238.13699340820312,23.65999984741211,174.96572875976562,290.1195068359375,68.60386657714844,306.95733642578125,151.5059356689453,83.39620971679688,516.2512817382812,77.0296859741211,24.636192321777344,154.6386260986328,155.5,263.8547058105469,306.55596923828125,342.06243896484375,43.63983917236328,100.69999694824219,105.79466247558594
2025-08-19,230.3367156982422,305.32635498046875,225.0,414.8979797363281,66.35930633544922,152.0,116.2699966430664,23.194814682006836,717.5388793945312,404.90289306640625,239.95697021484375,25.309999465942383,176.5044403076172,289.25372314453125,69.59625244140625,309.1747131347656,152.9728240966797,84.0992660522461,508.933349609375,76.48252868652344,24.881866455078125,157.3000030517578,153.66000366210938,267.788818359375,302.3326110839844,341.7730407714844,44.1805419921875,101.29000091552734,106.48858642578125
2025-08-20,225.79110717773438,307.62054443359375,225.6199951171875,419.38507080078125,66.70719909667969,153.22000122070312,117.04000091552734,23.736980438232422,716.8425903320312,399.4736633300781,241.22000122070312,23.540000915527344,177.536865234375,290.8260803222656,70.16191101074219,311.3125915527344,153.3791961669922,83.8319091796875,504.8900146484375,75.86573791503906,24.940828323364258,158.4022979736328,156.58999633789062,273.28662109375,297.960205078125,343.2500915527344,44.29851531982422,102.56999969482422,107.5889663696289
2025-08-21,224.68218994140625,307.3911437988281,224.4600067138672,416.6928405761719,66.61773681640625,155.5500030517578,116.20999908447266,23.352535247802734,712.1378173828125,395.45648193359375,238.08726501464844,23.5,177.62620544433594,290.059814453125,70.12222290039062,311.4518127441406,153.01248168945312,85.2380142211914,504.239990234375,75.78614807128906,25.294599533081055,157.62771606445312,156.32000732421875,273.8144836425781,301.4482116699219,343.0105895996094,44.269020080566406,97.95999908447266,108.28289794921875
2025-08-22,227.53941345214844,318.3533630371094,230.1199951171875,434.421875,66.91593933105469,158.17999267578125,118.86000061035156,24.752307891845703,737.939697265625,410.4613342285156,240.7625274658203,24.799999237060547,177.98358154296875,294.80670166015625,69.59625244140625,312.2970275878906,157.3140411376953,86.5154037475586,507.2300109863281,77.97477722167969,25.43217658996582,157.56813049316406,156.24000549316406,275.1789855957031,305.4927062988281,349.3480224609375,43.68899154663086,96.83000183105469,110.31511688232422
2025-08-25,226.94000244140625,315.0018310546875,226.8699951171875,431.0615234375,66.73702239990234,158.1999969482422,117.70999908447266,24.565013885498047,734.856201171875,406.59326171875,238.1171112060547,24.549999237060547,177.11000061035156,293.47320556640625,68.40538787841797,311.6705627441406,155.18319702148438,84.47554779052734,504.260009765625,78.76068878173828,24.704980850219727,155.0656280517578,156.27000427246094,271.2448425292969,302.94873046875,348.13043212890625,43.482540130615234,96.06999969482422,110.77112579345703
2025-08-26,229.08792114257812,319.7897033691406,234.8300018310547,430.0245056152344,67.9795150756836,157.36000061035156,117.6500015258789,24.387577056884766,744.9620971679688,405.240966796875,241.29957580566406,24.350000381469727,176.49000549316406,297.1254577636719,68.20691680908203,311.17340087890625,155.90011596679688,84.15867614746094,502.0400085449219,78.2433853149414,24.488788604736328,154.8868865966797,159.57000732421875,269.8006896972656,298.5465087890625,350.4857482910156,43.21710205078125,96.05000305175781,110.5232925415039
2025-08-27,230.26678466796875,321.6449890136719,235.6199951171875,431.43048095703125,68.02922058105469,159.24000549316406,118.08999633789062,24.387577056884766,745.67822265625,405.9369812011719,243.4974365234375,24.850000381469727,176.7899932861328,297.8320007324219,68.30615234375,309.6719055175781,155.8602752685547,83.24767303466797,506.739990234375,77.65642547607422,24.636192321777344,155.87002563476562,159.83999633789062,271.1153869628906,301.9748840332031,349.65740966796875,43.52186584472656,96.08000183105469,111.77237701416016
2025-08-28,232.33477783203125,326.1635437011719,236.16000366210938,433.6640625,69.01327514648438,159.32000732421875,117.63999938964844,24.219999313354492,747.219970703125,405.1514587402344,244.382568359375,24.93000030517578,175.4499969482422,299.6133728027344,67.83972930908203,310.45745849609375,156.8858642578125,82.39608764648438,509.6400146484375,77.51715087890625,24.174325942993164,154.56910705566406,160.66000366210938,269.1931457519531,300.39483642578125,349.1683654785156,43.1876106262207,96.11000061035156,112.36717224121094
2025-08-29,231.91517639160156,330.4427185058594,234.67999267578125,417.83953857421875,68.6753158569336,160.60000610351562,118.37999725341797,24.6299991607666,745.25,404.47528076171875,242.1548614501953,24.350000381469727,177.1699981689453,299.961669921875,68.46492767333984,311.77001953125,154.86456298828125,83.29718780517578,506.69000244140625,76.97000122070312,24.331558227539062,155.94944763183594,158.60000610351562,270.418212890625,307.92730712890625,351.0845947265625,43.482540130615234,96.9800033569336,113.29901885986328
2025-09-02,229.49752807617188,330.34295654296875,237.3800048828125,414.8580627441406,67.39306640625,161.8300018310547,118.2699966430664,24.40999984741211,730.8499755859375,404.01788330078125,240.17576599121094,24.209999084472656,178.05999755859375,298.25,68.53439331054688,315.760009765625,153.60995483398438,84.64389038085938,505.1199951171875,74.29000091552734,24.54775047302246,156.8928680419922,158.00999450683594,272.25079345703125,306.864013671875,349.3779602050781,43.05980682373047,97.8499984741211,113.695556640625
2025-09-03,238.2390594482422,322.891845703125,232.3800048828125,413.9307556152344,67.26383972167969,158.05999755859375,117.37999725341797,23.93000030517578,730.5599975585938,405.40997314453125,242.76150512695312,24.0,178.0,298.0609130859375,68.46492767333984,316.3900146484375,151.3496551513672,83.35659790039062,505.3500061035156,74.73999786376953,24.361038208007812,157.0716094970703,158.11000061035156,275.43792724609375,305.9497985839844,350.1763916015625,43.000823974609375,99.44000244140625,110.93965911865234
2025-09-04,239.5477752685547,329.8143005371094,230.75,419.0161437988281,67.58191680908203,157.69000244140625,118.80999755859375,23.90999984741211,748.9000244140625,411.69000244140625,245.82461547851562,24.610000610351562,178.75999450683594,302.3500671386719,67.73056030273438,316.989990234375,154.85459899902344,83.22787475585938,507.9700012207031,75.3499984741211,24.115365982055664,158.08453369140625,158.67999267578125,278.30633544921875,308.43414306640625,350.296142578125,43.433387756347656,100.93000030517578,111.42540740966797
2025-09-05,239.45787048339844,325.3955078125,229.61000061035156,421.867919921875,66.49846649169922,153.66000366210938,117.91000366210938,24.5,738.2100219726562,418.95001220703125,247.16720581054688,24.489999771118164,178.42999267578125,292.9557189941406,67.4427719116211,314.3800048828125,154.6355438232422,83.88141632080078,495.0,73.91000366210938,24.449480056762695,158.9087677001953,157.52000427246094,274.11328125,313.4127197265625,342.54150390625,43.630008697509766,100.51000213623047,108.28289794921875
2025-09-08,237.64962768554688,324.5875549316406,230.9499969482422,421.5688171386719,66.47857666015625,154.0,118.83999633789062,23.979999542236328,741.8499755859375,419.94000244140625,254.68576049804688,24.479999542236328,178.1300048828125,291.4928283691406,66.91680145263672,312.79998779296875,153.3411102294922,83.2674789428711,498.20001220703125,74.1500015258789,24.12519073486328,157.90577697753906,154.22000122070312,273.3762512207031,318.24224853515625,341.6233215332031,42.587921142578125,102.27999877929688,108.89751434326172
2025-09-09,234.123046875,323.520263671875,229.52000427246094,416.8922424316406,66.9358139038086,154.85000610351562,117.37000274658203,24.139999389648438,763.9199829101562,415.3399963378906,257.6891784667969,24.440000534057617,176.9600067138672,296.408935546875,67.3435287475586,312.5199890136719,152.425048828125,83.78239440917969,498.4100036621094,73.5999984741211,24.282421112060547,158.3526611328125,151.75,272.4499816894531,345.7388000488281,343.3099670410156,42.83369445800781,102.29000091552734,109.69058227539062
2025-09-10,226.5703582763672,322.53277587890625,227.52000427246094,421.69842529296875,67.72107696533203,157.7899932861328,115.79000091552734,23.829999923706055,769.5800170898438,413.2300109863281,255.471435546875,24.770000457763672,175.7899932861328,299.0859375,67.3038330078125,305.94000244140625,152.91294860839844,83.20806884765625,500.3699951171875,74.25,24.14484405517578,156.25730895996094,155.0,272.3299865722656,344.6059265136719,337.4515686035156,42.75505065917969,100.41000366210938,111.52454376220703
2025-09-11,229.80722045898438,328.4876708984375,219.99000549316406,430.1441650390625,67.28372192382812,158.25,117.08000183105469,25.020000457763672,784.72998046875,423.4200134277344,255.60072326660156,24.610000610351562,178.5,304.0816345214844,67.10536193847656,308.42999267578125,158.78770446777344,84.3171157836914,501.010009765625,74.33000183105469,24.429826736450195,157.52842712402344,157.64999389648438,279.42999267578125,351.3930969238281,342.81097412109375,43.39406204223633,102.6500015258789,111.16766357421875
2025-09-12,233.84332275390625,324.48779296875,215.94000244140625,430.28375244140625,66.13068389892578,157.11000061035156,115.95999908447266,25.040000915527344,780.0599975585938,422.69000244140625,252.05029296875,24.079999923706055,178.05999755859375,305.42510986328125,66.5,305.3999938964844,157.19454956054688,82.0,509.8999938964844,73.0,23.456958770751953,156.80348205566406,155.85000610351562,278.92999267578125,350.3000183105469,338.7590026855469,43.22693634033203,103.48999786376953,111.18749237060547
2025-09-15,236.47076416015625,326.4328918457031,215.75,434.69110107421875,66.61773681640625,157.30999755859375,115.62000274658203,24.170000076293945,786.760009765625,422.7099914550781,254.83493041992188,24.770000457763672,177.39999389648438,307.40545654296875,66.20999908447266,302.07000732421875,155.98973083496094,81.0199966430664,515.3599853515625,73.02999877929688,23.555227279663086,155.7409210205078,158.3699951171875,276.29998779296875,347.8900146484375,338.3797302246094,43.128623962402344,103.69000244140625,111.37583923339844
2025-09-16,237.9193572998047,326.21343994140625,215.02000427246094,439.4075622558594,66.52828216552734,159.5399932861328,115.2300033569336,24.479999542236328,785.530029296875,421.45001220703125,256.10791015625,25.270000457763672,176.4600067138672,307.6940612792969,66.23999786376953,303.2900085449219,155.83041381835938,81.08999633789062,509.0400085449219,72.75,23.486438751220703,156.95245361328125,158.5800018310547,271.95001220703125,339.7799987792969,339.3578186035156,43.000823974609375,103.41999816894531,113.68563842773438
2025-09-17,238.75856018066406,335.1507873535156,214.6300048828125,449.3689270019531,67.31353759765625,160.08999633789062,116.0999984741211,24.540000915527344,794.219970703125,417.0,257.65936279296875,24.899999618530273,177.1999969482422,310.2416687011719,67.04000091552734,304.9700012207031,154.4961395263672,81.13999938964844,510.0199890136719,72.30999755859375,23.63384246826172,159.21661376953125,158.30999755859375,275.0299987792969,341.6099853515625,345.515625,43.4628791809082,104.2699966430664,114.29035186767578
2025-09-18,237.64962768554688,340.80645751953125,215.66000366210938,465.6222229003906,68.26777648925781,158.83999633789062,114.86000061035156,24.110000610351562,804.3099975585938,417.4800109863281,263.5469055175781,30.56999969482422,174.16000366210938,311.71453857421875,66.45999908447266,301.1400146484375,154.735107421875,81.52999877929688,508.45001220703125,72.0999984741211,23.732112884521484,156.22752380371094,158.19000244140625,277.8999938964844,334.82000732421875,337.511474609375,42.932003021240234,103.5999984741211,112.942138671875
2025-09-19,245.26223754882812,340.2578430175781,215.64999389648438,465.2034606933594,67.80059814453125,156.2100067138672,113.76000213623047,23.489999771118164,805.0,415.69000244140625,264.939208984375,29.579999923706055,176.19000244140625,313.25701904296875,66.43000030517578,302.3800048828125,155.92999267578125,81.51000213623047,517.9299926757812,70.88999938964844,23.61418914794922,154.95639038085938,158.24000549316406,277.0,336.69000244140625,340.9346618652344,42.745216369628906,102.33000183105469,111.84176635742188
2025-09-22,255.8319854736328,340.11822509765625,212.08999633789062,470.7475280761719,67.3433609008789,156.0500030517578,112.55999755859375,23.170000076293945,805.5599975585938,412.0,269.8819580078125,28.760000228881836,174.2100067138672,310.9283447265625,66.20999908447266,302.989990234375,153.2017059326172,80.4000015258789,514.4500122070312,71.27999877929688,23.6240177154541,152.0070343017578,159.42999267578125,276.1099853515625,341.29998779296875,343.6792297363281,42.430625915527344,102.81999969482422,111.04869842529297
2025-09-23,254.18359375,340.6069641113281,216.33999633789062,469.909912109375,67.1346206665039,157.4199981689453,112.25,22.860000610351562,806.3200073242188,410.9100036621094,270.7471923828125,29.34000015258789,176.5800018310547,311.22686767578125,66.70999908447266,303.19000244140625,155.62130737304688,79.95999908447266,509.2300109863281,70.93000030517578,23.71245765686035,151.44097900390625,160.5399932861328,276.260009765625,347.69000244140625,338.03045654296875,42.61741256713867,102.5199966430664,112.96196746826172
2025-09-24,252.06564331054688,339.6194763183594,215.10000610351562,468.4441223144531,66.91593933105469,159.17999267578125,113.43000030517578,23.1299991607666,792.4299926757812,409.7699890136719,266.0630187988281,31.219999313354492,176.69000244140625,311.90362548828125,66.44999694824219,304.3299865722656,153.93853759765625,79.66999816894531,510.1499938964844,71.22000122070312,23.67315101623535,151.36154174804688,161.3800048828125,276.6600036621094,351.80999755859375,338.0104675292969,42.450286865234375,102.7300033569336,113.5666732788086
2025-09-25,256.6212158203125,339.3202209472656,213.52999877929688,462.3915100097656,67.44275665283203,160.72000122070312,112.98999786376953,22.200000762939453,794.760009765625,407.45001220703125,279.8967590332031,33.9900016784668,177.72999572753906,311.9334716796875,65.9800033569336,302.29998779296875,152.37525939941406,77.5999984741211,507.0299987792969,69.23999786376953,23.19162940979004,151.09341430664062,160.50999450683594,274.2200012207031,345.55999755859375,334.26788330078125,42.61741256713867,103.05000305175781,114.5877456665039
2025-09-26,255.2126007080078,340.8164367675781,221.25999450683594,464.4256896972656,66.81654357910156,160.16000366210938,113.47000122070312,22.959999084472656,802.510009765625,410.0899963378906,282.7510070800781,35.5,179.7100067138672,314.53082275390625,65.66999816894531,305.239990234375,152.15618896484375,78.55999755859375,511.4599914550781,69.30999755859375,23.348861694335938,151.44097900390625,163.35000610351562,277.760009765625,344.0799865722656,336.70306396484375,42.87302017211914,103.16000366210938,116.20361328125
2025-09-29,254.18359375,341.44482421875,217.0800018310547,470.2589111328125,67.31353759765625,156.10000610351562,114.77999877929688,22.889999389648438,804.1199951171875,406.79998779296875,278.2657470703125,34.47999954223633,181.6199951171875,314.1626281738281,66.04000091552734,302.989990234375,153.42076110839844,78.58000183105469,514.5999755859375,69.55000305175781,23.43730354309082,152.46383666992188,163.6300048828125,276.5,345.17999267578125,339.487548828125,42.51910400390625,103.08000183105469,113.22962951660156
2025-09-30,254.38340759277344,331.32049560546875,215.8300018310547,475.7830505371094,68.00933837890625,155.2899932861328,114.5,22.93000030517578,796.3499755859375,405.19000244140625,280.6128234863281,33.54999923706055,185.4199981689453,313.90386962890625,66.31999969482422,303.8900146484375,154.51605224609375,83.93000030517578,517.9500122070312,69.7300033569336,25.039098739624023,152.58299255371094,167.3300018310547,279.2200012207031,345.29998779296875,340.70513916015625,43.207275390625,103.05999755859375,111.77237701416016
